<?xml version="1.0" encoding="UTF-8" ?>
<!DOCTYPE mapper 
    PUBLIC "-//mybatis.org//DTD Mapper 3.0//EN" 
    "http://mybatis.org/dtd/mybatis-3-mapper.dtd">

<mapper namespace="_stat2Term">

    <!-- 만족도 통계 -->
    <select id="statScoreMap" resultType="map" parameterType="map">
        SELECT VOC_CD || '_' || SCORE_AVG AS LABEL,
                COUNT(VOC_SEQ) CNT
          FROM FM_VOC
            WHERE SCORE_YN = 'Y'
              <if test="@Ognl@isNotEmpty(vocCd)">
                   AND VOC_CD = #{vocCd}
              </if>
              <if test="@Ognl@isNotEmpty(startDt)">
                  AND REG_DT &gt;= TO_DATE(#{startDt}, 'YYYYMMDDHH24MISS')
              </if>
              <if test="@Ognl@isNotEmpty(endDt)">
                  AND REG_DT &lt;= TO_DATE(#{endDt}, 'YYYYMMDDHH24MISS')
              </if>
              GROUP BY SCORE_AVG, VOC_CD
              ORDER BY VOC_CD, SCORE_AVG
    </select>
    
    <!-- 평균처리기간 통계 -->
    <select id="statEndCntList" resultType="stat2EndCntBean" parameterType="map">
        SELECT vocCd, 
               vocNm,
               COUNT(CASE WHEN endCnt &lt;= 0.5 THEN 1 END) AS "statHalf",
               COUNT(CASE WHEN endCnt &gt; 0.5 AND endCnt &lt;= 1 THEN 1 END) AS "statOne",
               COUNT(CASE WHEN endCnt &gt; 1 AND endCnt &lt;= 2 THEN 1 END) AS "statTwo",
               COUNT(CASE WHEN endCnt &gt; 2 AND endCnt &lt;= 3 THEN 1 END) AS "statThree",
               COUNT(CASE WHEN endCnt &gt; 3 THEN 1 END) AS "statMore"
          FROM (
        SELECT B.VOC_CD AS vocCd,
                FN_VOC_NM(B.VOC_CD) AS vocNm,
                ROUND(A.END_CNT/(60*24), 2) AS endCnt
          FROM FM_VOC A, FM_VOC_CONF B
         WHERE A.VOC_CD(+) = B.VOC_CD
            AND A.END_DT(+) IS NOT NULL
         <if test="@Ognl@isNotEmpty(vocCd)">
             AND B.VOC_CD = #{vocCd}
        </if>
        <if test="@Ognl@isNotEmpty(startDt)">
            AND A.REG_DT(+) &gt;= TO_DATE(#{startDt}, 'YYYYMMDDHH24MISS')
        </if>
        <if test="@Ognl@isNotEmpty(endDt)">
            AND A.REG_DT(+) &lt;= TO_DATE(#{endDt}, 'YYYYMMDDHH24MISS')
        </if>
         ) 
         GROUP BY vocCd, vocNm
         ORDER BY vocCd
    </select>
    
</mapper>