<?xml version="1.0" encoding="UTF-8" ?>
<!DOCTYPE mapper 
    PUBLIC "-//mybatis.org//DTD Mapper 3.0//EN" 
    "http://mybatis.org/dtd/mybatis-3-mapper.dtd">

<mapper namespace="_vocUser">

    <sql id="dynamicWhere">
        AND A.WRITER_ID = #{writerId}
        AND A.MGR_STATUS_CD = #{endMgrStatusCd}
        
        <if test="@Ognl@isNotEmpty(searchVal)">
            <if test="searchKey == 1000">
                AND A.TITLE LIKE '%' || #{searchVal} || '%'
            </if>
        </if>
        <if test="@Ognl@isNotEmpty(startDt)">
            AND A.REG_DT &gt;= TO_DATETIME(#{startDt}, 'YYYYMMDDHH24MISS')
        </if>
        <if test="@Ognl@isNotEmpty(endDt)">
            AND A.REG_DT &lt;= TO_DATETIME(#{endDt}, 'YYYYMMDDHH24MISS')
        </if>
    </sql>

    <select id="list" resultType="vocBean" parameterType="map">
        SELECT Y.* FROM (
            SELECT ROWNUM NUM, X.* FROM (
                SELECT /*+ INDEX_DESC(A) */
                       A.VOC_SEQ     AS vocSeq,
                       A.TITLE       AS title,
                       A.RCV_NO      AS rcvNo,
                       FN_VOC_NM(A.VOC_CD) AS vocNm,
                       FN_DIV_INFO(A.VOC_SEQ) AS divInfo,
                       A.WRITER_ID            AS writerId,
                       A.MGR_STATUS_CD        AS mgrStatusCd,
                       FN_PRV_NM(A.USER_STATUS_CD, 'VOC_USER_STATUS') AS userStatusNm,
                       FN_PRV_NM(A.MGR_STATUS_CD, 'VOC_MGR_STATUS') AS mgrStatusNm,
                       FN_PRV_NM(A.FROM_CD, 'VOC_FROM') AS fromNm,
                       <!-- FN_PRV_NM(A.FROM_CHNL_CD, 'VOC_FROM_CHNL') AS fromChnlNm,
                       FN_PRV_NM(A.FROM_ORG_CD, 'VOC_FROM_ORG') AS fromOrgNm, -->
                       FN_VOC_CTG_NM(A.CTG_CD1) AS ctgNm1,
                       FN_VOC_CTG_NM(A.CTG_CD2) AS ctgNm2,
                       FN_VOC_CTG_NM(A.CTG_CD3) AS ctgNm3,
                       FN_PRV_NM(A.KIND_CD, 'VOC_KIND') AS kindNm,
                       FN_FILE_CNT(A.USER_FILE_SEQ) + FN_FILE_CNT(A.MGR_FILE_SEQ) AS fileCnt,
                       TO_CHAR(A.REG_DT, 'YYYY-MM-DD') AS regDt
                  FROM FM_VOC A
                 WHERE A.DEL_YN = 'N'
                       <include refid="dynamicWhere" />
                 ORDER BY A.VOC_SEQ DESC 
                ) X
            WHERE ROWNUM &lt;= #{pagingEndNum}
         ) Y
         WHERE NUM &gt;= #{pagingStartNum}
    </select>
    
    <select id="listCount" resultType="int" parameterType="map">
        SELECT COUNT(A.VOC_SEQ) AS totalCount
          FROM FM_VOC A
         WHERE A.DEL_YN = 'N'
               <include refid="dynamicWhere" />
    </select>

</mapper>
