<?xml version="1.0" encoding="UTF-8" ?>
<!DOCTYPE mapper 
    PUBLIC "-//mybatis.org//DTD Mapper 3.0//EN" 
    "http://mybatis.org/dtd/mybatis-3-mapper.dtd">

<mapper namespace="_vocAlim">

    <sql id="dynamicWhere">
         <if test="@Ognl@isNotEmpty(alertCd)">
            AND ALERT_CD = #{alertCd}
        </if>
        <if test="@Ognl@isNotEmpty(mgrId)">
            <if test='mgrId == "Y"'>
                AND MGR_ID IS NOT NULL
            </if>
            <if test='mgrId == "N"'>
                AND MGR_ID IS NULL
            </if>
        </if>
    </sql>

    <select id="list" resultType="vocAlimBean" parameterType="vocAlimBean">
        SELECT /*+ INDEX_DESC(FM_VOC_ALIM_LOG) */ 
               VOC_SEQ      AS vocSeq,
               ORDER_NO     AS orderNo,
               ALERT_CD     AS alertCd,
               RCV_NM       AS rcvNm,
               MGR_ID       AS mgrId,
               ENC_EMAIL    AS encEmail,
               ENC_MOBILE   AS encMobile,
               TITLE        AS title,
               RESULT       AS result,
               TO_CHAR(REG_DT, 'YYYY-MM-DD HH24:MI:SS') AS regDt
          FROM FM_VOC_ALIM_LOG
         WHERE VOC_SEQ = #{vocSeq}
               <include refid="dynamicWhere" />
    </select>
    
    <select id="view" resultType="vocAlimBean" parameterType="vocAlimBean">
        SELECT VOC_SEQ      AS vocSeq,
               ORDER_NO     AS orderNo,
               ALERT_CD     AS alertCd,
               RCV_NM       AS rcvNm,
               MGR_ID       AS mgrId,
               ENC_EMAIL    AS encEmail,
               ENC_MOBILE   AS encMobile,
               TITLE        AS title,
               CONTENTS     AS contents,
               FILE_SEQ     AS fileSeq,
               RESULT       AS result,
               TO_CHAR(REG_DT, 'YYYY-MM-DD HH24:MI:SS') AS regDt
          FROM FM_VOC_ALIM_LOG
         WHERE VOC_SEQ = #{vocSeq}
           AND ORDER_NO = #{orderNo}
    </select>
    
    <insert id="insert" parameterType="vocAlimBean">
        INSERT INTO FM_VOC_ALIM_LOG (
            VOC_SEQ,        ORDER_NO,        ALERT_CD,          RCV_NM,
            MGR_ID,         ENC_EMAIL,       ENC_MOBILE,        TITLE,
            CONTENTS,       FILE_SEQ,        RESULT
        )
        VALUES (
            #{vocSeq},
            (SELECT NVL(MAX(ORDER_NO), 0) + 1 
               FROM FM_VOC_ALIM_LOG
              WHERE VOC_SEQ = #{vocSeq}),
            #{alertCd},      #{rcvNm},
            #{mgrId},        #{encEmail},    #{encMobile},      #{title},
            #{contents},     #{fileSeq},     #{result}
        )
    </insert>
    
</mapper>
