<?xml version="1.0" encoding="UTF-8" ?>
<!DOCTYPE mapper 
    PUBLIC "-//mybatis.org//DTD Mapper 3.0//EN" 
    "http://mybatis.org/dtd/mybatis-3-mapper.dtd">

<mapper namespace="_dlaex">

    <sql id="listColumns">
       A.VOC_CD   AS vocCd,
       A.VOC_SEQ  AS vocSeq,
       A.KIND_CD  AS kindCd,
       A.MGR_STATUS_CD AS mgrStatusCd,
       A.RCV_ID AS rcvId,
       A.REPORTER_ID AS reporterId,
       FN_ACTIVE_MGRS(A.VOC_SEQ) AS regId
    </sql>
    
    
    <!-- 기한임박 대상 VOC 조회 : '0'이면 당일 만료건에 대해 발송, '1'이면 1일전 발송 -->
    <select id="deadlineList" resultType="vocBean" parameterType="map">
        SELECT /*+ INDEX(A IDX_VOC_MAIN) */
               <include refid="listColumns" />
          FROM FM_VOC A, FM_VOC_CONF B
         WHERE A.VOC_CD = B.VOC_CD
           AND A.DEL_YN = 'N'
           AND TRUNC(A.LMT_DT) BETWEEN TRUNC(SYSDATE) AND TRUNC(SYSDATE + B.DEADLINE_CNT)
           AND A.MGR_STATUS_CD != #{endMsCd}
           AND A.LMT_DT IS NOT NULL
         <if test="@Ognl@isNotEmpty(vocs)">
             AND A.VOC_CD IN 
             <foreach collection="vocs" index="index" open="(" close=")" separator=", " item="entry">
                 #{entry}
             </foreach>
         </if>
    </select>
    
    
    <!-- 기한초과 대상 VOC 조회 : '0'이면 기한 초과 시 즉시 발송 -->
    <select id="exceedList" resultType="vocBean" parameterType="map">
        SELECT /*+ INDEX(A IDX_VOC_MAIN) */
               <include refid="listColumns" />
               <!-- ,TRUNC(SYSDATE) - TO_DATE(A.LMT_DT, 'YYYYMMDD') AS readCnt : 기한초과일, 바인딩 변수 고민 요망 -->
               , TRUNC(SYSDATE) - TRUNC(A.LMT_DT) AS readCnt
          FROM FM_VOC A, FM_VOC_CONF B
         WHERE A.VOC_CD = B.VOC_CD
           AND A.DEL_YN = 'N'
           AND TO_CHAR(A.LMT_DT, 'YYYYMMDD') &lt; TO_CHAR(SYSDATE - B.EXCEED_CNT, 'YYYYMMDD')
           AND A.MGR_STATUS_CD != #{endMsCd}
           AND A.LMT_DT IS NOT NULL
         <if test="@Ognl@isNotEmpty(vocs)">
             AND A.VOC_CD IN 
             <foreach collection="vocs" index="index" open="(" close=")" separator=", " item="entry">
                 #{entry}
             </foreach>
         </if>
    </select>

</mapper>
