<?xml version="1.0" encoding="UTF-8" ?>
<!DOCTYPE mapper 
    PUBLIC "-//mybatis.org//DTD Mapper 3.0//EN" 
    "http://mybatis.org/dtd/mybatis-3-mapper.dtd">

<mapper namespace="_explorer">
    
    <!-- 
    * 동일 네임스페이스 구간에서  useCache="true", flushCache="false"가 디폴트 값임
    * 따라서 캐싱 제외 쿼리에 한해서만 useCache="false"를 해주면 됨.
    -->
    <cache eviction="FIFO" flushInterval="1800000" readOnly="true" size="20"/> <!-- 매 30분 캐시 리로드 -->
    
    <select id="vocTagList" resultType="map" parameterType="map">
        SELECT X.*
          FROM (
            SELECT A.TAG_NM      AS TAG_NM,
                   COUNT(TAG_NM) AS TAG_CNT
              FROM FM_VOC_TAG A, FM_VOC B
             WHERE A.VOC_SEQ = B.VOC_SEQ
               AND B.DEL_YN = 'N'
             GROUP BY A.TAG_NM
             ORDER BY TAG_CNT DESC
            ) X
         WHERE ROWNUM BETWEEN #{pagingStartNum} AND #{pagingEndNum}
    </select>
    
    <!--
    * TODO: 시작일과 종료일이 여러날에 걸쳐서 등록된 일정은 초화면에 로드되지 못함 : 쿼리 수정 요망 
    * 제피가 최초 작업한 모듈임: 테스트 미진으로 혼나야 함
    -->
    <select id="planList" resultType="map" parameterType="map">
        <![CDATA[
        SELECT ROWNUM AS RNUM, X.*
          FROM (
            SELECT Y.SEQ, Y.START_DD, SUBSTR(START_DD,7,8) AS DD, TITLE
              FROM (
                SELECT SEQ          AS SEQ,
                       CASE WHEN  START_DD = TO_CHAR(SYSDATE, 'YYYYMMDD') THEN START_DD
                       ELSE TO_CHAR(SYSDATE, 'YYYYMMDD') END AS START_DD,
                       TITLE        AS TITLE
                  FROM CO_PLAN
                 WHERE START_DD <= #{planDay}
                   AND END_DD   >= #{planDay}
                 ORDER BY START_DD ASC
            ) Y
            ) X
         WHERE ROWNUM BETWEEN #{pagingStartNum} AND #{pagingEndNum}
        ]]>
    </select>
    
    <select id="calendar" resultType="map" parameterType="string">
        SELECT TO_CHAR(TO_DATE(#{planDay},'YYYYMMDD')-1,'YYYYMMDD') AS PREV_DAY,
               TO_CHAR(TO_DATE(#{planDay},'YYYYMMDD'),'YYYYMMDD') AS PLAN_DAY,
               TO_CHAR(TO_DATE(#{planDay},'YYYYMMDD')+1,'YYYYMMDD') AS NEXT_DAY
          FROM DUAL
    </select>
    
    <select id="vocCtgList" resultType="map" parameterType="map"> <!-- TODO : SQL 점검 요망 -->
        <![CDATA[
        SELECT Y.*
          FROM (
            SELECT ROWNUM AS RNUM,
                   DECODE(X.LV,'LV2',
                       FN_VOC_CTG_NM(CTG_CD1) || ' > ' || FN_VOC_CTG_NM(CTG_CD2),
                           FN_VOC_CTG_NM(CTG_CD1) || ' > ' || FN_VOC_CTG_NM(CTG_CD2) || ' > ' || FN_VOC_CTG_NM(CTG_CD3)) AS CTG_NM,
                   X.*
              FROM (
                SELECT 'LV2' AS LV,
                       CTG_CD1 AS CTG_CD1,
                       CTG_CD2 AS CTG_CD2,
                       CTG_CD3 AS CTG_CD3,
                       COUNT(CTG_CD2) AS CTG_CNT
                  FROM FM_VOC
                 WHERE (CTG_CD3 IS NULL AND CTG_CD1 IS NOT NULL)
                   AND MGR_STATUS_CD <> 1
                   AND DEL_YN ='N'
                 GROUP BY CTG_CD1, CTG_CD2, CTG_CD3
                 UNION ALL
                SELECT 'LV3',
                       CTG_CD1 AS CTG_CD1,
                       CTG_CD2 AS CTG_CD2,
                       CTG_CD3 AS CTG_CD3,
                       COUNT(CTG_CD3) AS CTG_CNT
                  FROM FM_VOC
                 WHERE CTG_CD3 IS NOT NULL
                   AND MGR_STATUS_CD <> 1
                   AND DEL_YN ='N'
                 GROUP BY CTG_CD1, CTG_CD2, CTG_CD3
                ) X
            ORDER BY CTG_CNT DESC
        ) Y
        WHERE ROWNUM BETWEEN #{pagingStartNum} AND #{pagingEndNum}
        ]]>
    </select>
    
    <select id="statusList" resultType="vocBean" parameterType="string" useCache="false">
        SELECT /*+ INDEX_DESC(A) */
               A.VOC_SEQ     AS vocSeq,
               A.TITLE       AS title,
               FN_VOC_NM(A.VOC_CD)    AS vocNm,
               A.MGR_STATUS_CD        AS mgrStatusCd,
               FN_PRV_NM(A.MGR_STATUS_CD, 'VOC_MGR_STATUS') AS mgrStatusNm,
               FN_VOC_CTG_NM(A.CTG_CD1) AS ctgNm1,
               FN_VOC_CTG_NM(A.CTG_CD2) AS ctgNm2,
               FN_VOC_CTG_NM(A.CTG_CD3) AS ctgNm3,
               TO_CHAR(A.REG_DT, 'YYYY-MM-DD') AS regDt
          FROM FM_VOC A
         WHERE DEL_YN = 'N'
               <!-- 전체 : 미접수 -->
               <if test="_parameter == 6">
                   AND A.MGR_STATUS_CD = '1'
               </if>
               <!-- 전체 : 처리중 -->
               <if test="_parameter == 4">
                   AND A.MGR_STATUS_CD NOT IN ('1', '6')
               </if>
               <!-- 전체 : 처리완료 -->
               <if test="_parameter == 5">
                   AND A.MGR_STATUS_CD = '6'
               </if>
           AND ROWNUM &lt;= 4
    </select>
    
    <select id="totWorkMap" resultType="map" parameterType="string">
        SELECT 'noReceive' AS KEYZ, COUNT(VOC_SEQ) AS CNT
          FROM FM_VOC
         WHERE DEL_YN = 'N'
           AND MGR_STATUS_CD = '1'
         UNION ALL
        SELECT 'dealing' AS KEYZ, COUNT(VOC_SEQ) AS CNT
          FROM FM_VOC
         WHERE DEL_YN = 'N'
           AND MGR_STATUS_CD NOT IN ('1', '6')
         UNION ALL
        SELECT 'complete' AS KEYZ, COUNT(VOC_SEQ) AS CNT
          FROM FM_VOC
         WHERE DEL_YN = 'N'
           AND MGR_STATUS_CD = '6'        
         UNION ALL
        SELECT 'myDealing' AS KEYZ, COUNT(VOC_SEQ) AS CNT
          FROM FM_VOC
         WHERE DEL_YN = 'N'
           AND MGR_STATUS_CD NOT IN ('1', '6')
           AND WRITER_ID = #{writerId}
         UNION ALL
        SELECT 'myComplete' AS KEYZ, COUNT(VOC_SEQ) AS CNT
          FROM FM_VOC
         WHERE DEL_YN = 'N'
           AND MGR_STATUS_CD = '6' 
           AND WRITER_ID = #{writerId}
    </select>
    
    <select id="myWorkCount" resultType="int" parameterType="map">
        SELECT COUNT(VOC_SEQ) AS totalCount
          FROM FM_VOC
         WHERE DEL_YN = 'N'
           AND VOC_SEQ IN 
               (SELECT /*+ INDEX(FM_VOC_ENTRY IDX_VOC_ENTRY) */ VOC_SEQ 
                  FROM FM_VOC_ENTRY 
                 WHERE MGR_ID = #{mgrId} 
                   AND ACTIVATE = #{active}
                   AND AUTH_CD = #{authCd}
                )
    </select>
    
    
    <select id="bbsList" resultType="bbsBean" parameterType="map">
        SELECT ROWNUM NUM, X.* FROM (
            SELECT /*+ INDEX(CO_BBS IDX_BBS_MAIN) */ 
                   BBS_CD      AS bbsCd,
                   BBS_SEQ     AS bbsSeq,
                   TITLE       AS title,
                   FILE_SEQ    AS fileSeq,
                   FN_FILE_CNT(FILE_SEQ) AS fileCnt,
                   TO_CHAR(REG_DT, 'YYYY-MM-DD') AS regDt
              FROM CO_BBS
             WHERE BBS_CD = #{bbsCd}
            ) X
        WHERE ROWNUM &lt;= #{rowPerPage}
    </select>
    
    <select id="faqList" resultType="faqBean" parameterType="map">
        SELECT ROWNUM NUM, X.* FROM (
            SELECT /*+ INDEX_DESC(CO_FAQ) */
                   SEQ       AS seq,
                   TITLE     AS title,
                   READ_CNT  AS readCnt,
                   TO_CHAR(REG_DT, 'YYYY-MM-DD') AS regDt
              FROM CO_FAQ
            ) X
        WHERE ROWNUM &lt;= #{rowPerPage}
    </select>
    
    <!-- 전사미결처리현황 -->
    <select id="statusForChart" resultType="map">
        SELECT MGR_STATUS_CD                                AS MGR_STATUS_CD,
               FN_PRV_NM(MGR_STATUS_CD, 'VOC_MGR_STATUS')   AS MGR_STATUS_NM,
               COUNT(MGR_STATUS_CD)                         AS STATUS_CNT
          FROM FM_VOC
         WHERE MGR_STATUS_CD != '6'
           AND DEL_YN = 'N'
         GROUP BY MGR_STATUS_CD
    </select>
    
    <!-- 최근 1달간 신청현황 그래프 -->
    <select id="monthRegForChart" resultType="map">
        SELECT NVL(X.CNT,0) AS CNT,
               Y.MONTHZ,
               TO_CHAR(TO_DATE(Y.MONTHZ, 'YYYYMM'), 'YYYY') AS YEARZ,
               TO_CHAR(TO_DATE(Y.MONTHZ, 'YYYYMM'), 'fmMM') AS "MONTH"
          FROM
            (
            SELECT COUNT(VOC_SEQ)   AS CNT,
                   REG_DT           AS REG_DT,
                   TO_CHAR(TO_DATE(REG_DT, 'YYYYMM'), 'YYYY') AS YEARZ,
                   TO_CHAR(TO_DATE(REG_DT, 'YYYYMM'), 'MM') AS "MONTH"
              FROM
                (
                SELECT VOC_SEQ,
                       TO_CHAR(REG_DT, 'YYYYMM') AS REG_DT
                  FROM FM_VOC
                 WHERE 1=1
                   AND DEL_YN = 'N'
                   AND TO_CHAR(SYSDATE,'YYYYMMDD') &lt;= TO_DATE(TO_CHAR(SYSDATE,'YYYYMMDD'),'YYYYMMDD')
                   AND TO_CHAR(SYSDATE,'YYYYMMDD') &gt;= ADD_MONTHS(TO_DATE(TO_CHAR(SYSDATE,'YYYYMMDD'),'YYYYMMDD'),-5)
                ) X
            GROUP BY REG_DT
            ORDER BY REG_DT ASC
            ) X,
            (
            SELECT TO_CHAR(ADD_MONTHS(SYSDATE, -(ROWNUM-1)),'YYYYMM') AS MONTHZ FROM DUAL CONNECT BY LEVEL &lt; 6
            ) Y
        WHERE X.REG_DT(+) = Y.MONTHZ
        ORDER BY Y.MONTHZ ASC
    </select>
    
    <!-- 월 평균 처리기간 (최근 5개월) -->
    <select id="endCntForChart" resultType="map">
        SELECT Y.MONTHZ                                         AS REG_MONTH,
               TO_CHAR(TO_DATE(Y.MONTHZ, 'YYYYMM'), 'YYYY') AS YEARZ,
               TO_CHAR(TO_DATE(Y.MONTHZ, 'YYYYMM'), 'fmMM')   AS "MONTH",
               NVL(X.END_CNT,0)                            AS END_CNT
          FROM
            (
            SELECT REG_MONTH       AS REG_MONTH,
                   TO_CHAR(TO_DATE(REG_MONTH, 'YYYYMM'), 'YYYY')    AS YEARZ,
                   TO_CHAR(TO_DATE(REG_MONTH, 'YYYYMM'), 'MM')      AS "MONTH",
                   AVG(END_CNT)    AS END_CNT
              FROM
                (
                SELECT TO_CHAR(REG_DT, 'YYYYMM') REG_MONTH,
                       END_CNT
                FROM FM_VOC A
                WHERE MGR_STATUS_CD = '6'
                  AND TO_DATE(TO_CHAR(REG_DT,'YYYYMM'),'YYYYMM') &lt;= TO_DATE(TO_CHAR(SYSDATE,'YYYYMM'),'YYYYMM')
                  AND TO_DATE(TO_CHAR(REG_DT,'YYYYMM'),'YYYYMM') &gt;= ADD_MONTHS(TO_DATE(TO_CHAR(SYSDATE,'YYYYMM'),'YYYYMM'),-5)
                ) X
            GROUP BY REG_MONTH
            ORDER BY REG_MONTH ASC
            ) X,
            (
            SELECT TO_CHAR(ADD_MONTHS(SYSDATE, -(ROWNUM-1)),'YYYYMM') AS MONTHZ FROM DUAL CONNECT BY LEVEL &lt; 6
            ) Y
        WHERE X.REG_MONTH(+) = Y.MONTHZ
        ORDER BY Y.MONTHZ ASC
    </select>
    
    <!-- 월 평균 만족도 (최근 5개월) -->
    <select id="scoreCntForChart" resultType="map" parameterType="string">
        SELECT Y.MONTHZ                                     AS MONTHZ,
               TO_CHAR(TO_DATE(Y.MONTHZ, 'YYYYMM'), 'YYYY') AS YEARZ,
               TO_CHAR(TO_DATE(Y.MONTHZ, 'YYYYMM'), 'fmMM') AS MONTH,
               Y.SCORE                                      AS SCORE,
               NVL(X.SCORE_CNT,0)                           AS SCORE_CNT
          FROM 
            (
            SELECT REG_MONTH    AS REG_MONTH,
                   SCORE        AS SCORE,
                   COUNT(SCORE) AS SCORE_CNT
              FROM 
                (
                SELECT TO_CHAR(REG_DT, 'YYYYMM') REG_MONTH,
                       SCORE_AVG,
                       CASE WHEN SCORE_AVG &gt;= 80 THEN 'GREAT'
                       WHEN SCORE_AVG &gt;= 60 THEN 'GOOD'
                       WHEN SCORE_AVG &gt;= 40 THEN 'NORMAL'
                       WHEN SCORE_AVG &gt;= 20 THEN 'BAD' 
                       WHEN SCORE_AVG &gt;= 0 THEN 'WORSE'
                       END AS SCORE
                  FROM FM_VOC A
                 WHERE MGR_STATUS_CD = '6'
                       AND SCORE_YN = 'Y'
                       AND TO_DATE(TO_CHAR(REG_DT,'YYYYMM'),'YYYYMM') &lt;= TO_DATE(TO_CHAR(SYSDATE,'YYYYMM'),'YYYYMM')
                       AND TO_DATE(TO_CHAR(REG_DT,'YYYYMM'),'YYYYMM') &gt;= ADD_MONTHS(TO_DATE(TO_CHAR(SYSDATE,'YYYYMM'),'YYYYMM'),-5)
                ) X
             GROUP BY REG_MONTH, SCORE
            ) X,
            (
            SELECT A.MONTHZ, A.SCORE
              FROM
                   (SELECT TO_CHAR(ADD_MONTHS(SYSDATE, -(ROWNUM-1)),'YYYYMM') AS MONTHZ, #{score} AS SCORE FROM DUAL CONNECT BY LEVEL &lt; 6) A
                   <!-- (SELECT (ROWNUM*2-1)*10 AS SCORE FROM DUAL CONNECT BY LEVEL &lt; 6) B -->
             ORDER BY MONTHZ ASC
            ) Y
         WHERE 1=1
           AND X.REG_MONTH(+) = Y.MONTHZ
           AND X.SCORE(+) = Y.SCORE
           <if test="@Ognl@isNotEmpty('score')">
               AND Y.SCORE = #{score}
           </if>
    </select>
    
</mapper>
