<?xml version="1.0" encoding="UTF-8" ?>
<!DOCTYPE mapper 
    PUBLIC "-//mybatis.org//DTD Mapper 3.0//EN" 
    "http://mybatis.org/dtd/mybatis-3-mapper.dtd">

<mapper namespace="_statType">
    
    <sql id="dynamicWhere">

        <if test="@Ognl@isNotEmpty(vocCd)">
            AND A.VOC_CD = #{vocCd}
        </if>
        <if test="@Ognl@isNotEmpty(endMsCd)">
            AND A.MGR_STATUS_CD = #{endMsCd}
        </if>
        <if test="@Ognl@isNotEmpty(startDt)">
            AND A.REG_DT &gt;= TO_DATE(#{startDt}, 'YYYYMMDDHH24MISS')
        </if>
        <if test="@Ognl@isNotEmpty(endDt)">
            AND A.REG_DT &lt;= TO_DATE(#{endDt}, 'YYYYMMDDHH24MISS')
        </if>
        <if test="@Ognl@isNotEmpty(deptCd)">
            AND B.DEPT_CD = #{deptCd}
        </if>

        <if test="@Ognl@isNotEmpty(supportYn)">
            <!-- 협조부서 포함 -->
            <if test='supportYn == "Y"'>
            </if>
            <!-- 주무부서만 포함 -->
            <if test='supportYn == "N"'>
                AND B.MASTER_YN = 'Y'
            </if>
        </if>

		AND A.DEL_YN = 'N'
    </sql>
    
    <!-- 코드별 통계 -->
    <select id="statCodeMap" resultType="map" parameterType="map">
        SELECT ${Y_COLUMN} || '_' || ${X_COLUMN} AS LABEL, CNT
          FROM (
            SELECT B.${Y_COLUMN}, A.${X_COLUMN}, COUNT(A.VOC_SEQ) AS CNT
              FROM FM_VOC A, FM_VOC_DIV B
             WHERE A.VOC_SEQ = B.VOC_SEQ
             <include refid="dynamicWhere" />
             GROUP BY B.${Y_COLUMN}, A.${X_COLUMN}
        )
    </select>
    
    <!-- 만족도 통계 -->
    <select id="statScoreMap" resultType="map" parameterType="map">
        SELECT ${Y_COLUMN} || '_' || SCORE_AVG AS LABEL, 
               SUM(CNT) AS CNT
          FROM (
            SELECT B.${Y_COLUMN},
                   CASE WHEN A.SCORE_AVG &gt; 0 AND A.SCORE_AVG &lt;= 10 THEN 10 
                        WHEN A.SCORE_AVG &gt; 10 AND A.SCORE_AVG &lt;= 25 THEN 25
                        WHEN A.SCORE_AVG &gt; 25 AND A.SCORE_AVG &lt;= 50 THEN 50
                        WHEN A.SCORE_AVG &gt; 50 AND A.SCORE_AVG &lt;= 75 THEN 75
                        ELSE 100
                   END AS SCORE_AVG,
                   COUNT(A.VOC_SEQ) AS CNT
              FROM FM_VOC A, FM_VOC_DIV B
             WHERE A.VOC_SEQ = B.VOC_SEQ
               AND A.SCORE_YN = 'Y'
             <include refid="dynamicWhere" />
             GROUP BY B.${Y_COLUMN}, A.SCORE_AVG
        )
        GROUP BY ${Y_COLUMN} || '_' || SCORE_AVG
    </select>
    
    <!-- 평균처리기간 통계 -->
    <select id="statDealAvgMap" resultType="map" parameterType="map">
        SELECT B.${Y_COLUMN} AS LABEL, 
               COUNT(A.VOC_SEQ) AS CNT,
               ROUND(NVL(AVG(A.END_CNT), 1)/(60*24), 2) AS AVG_M,
               ROUND(NVL(AVG(B.END_CNT), 1)/(60*24), 2) AS AVG_D
          FROM FM_VOC A, FM_VOC_DIV B
         WHERE A.VOC_SEQ = B.VOC_SEQ
           AND A.END_DT IS NOT NULL
         <include refid="dynamicWhere" />
         GROUP BY B.${Y_COLUMN}
    </select>
    
</mapper>
