<?xml version="1.0" encoding="UTF-8" ?>
<!DOCTYPE mapper 
    PUBLIC "-//mybatis.org//DTD Mapper 3.0//EN" 
    "http://mybatis.org/dtd/mybatis-3-mapper.dtd">

<mapper namespace="_vocScrap">
    
    <sql id="dynamicWhere">
        AND A.DEL_YN = 'N'
        
        <if test="@Ognl@isNotEmpty(searchVal)">
            <if test="searchKey == 1000">
                AND A.TITLE LIKE '%' || #{searchVal} || '%'
            </if>
            <if test="searchKey == 2000">
                AND A.QUESTION LIKE '%' || #{searchVal} || '%'
            </if>
            <if test="searchKey == 3000">
                AND A.REPLY LIKE '%' || #{searchVal} || '%'
            </if>
            <if test="searchKey == 4000">
                AND A.VOC_SEQ IN 
                    (SELECT /*+ INDEX(FM_VOC_TAG) */ VOC_SEQ 
                       FROM FM_VOC_TAG 
                      WHERE TAG_NM = #{searchVal})
            </if>
        </if>
        <if test="@Ognl@isNotEmpty(startDt)">
            AND A.REG_DT &gt;= TO_DATETIME(#{startDt}, 'YYYYMMDDHH24MISS')
        </if>
        <if test="@Ognl@isNotEmpty(endDt)">
            AND A.REG_DT &lt;= TO_DATETIME(#{endDt}, 'YYYYMMDDHH24MISS')
        </if>
        
        <if test="@Ognl@isNotEmpty(ctgCd1)">
            AND A.CTG_CD1 = #{ctgCd1}
        </if>
        <if test="@Ognl@isNotEmpty(ctgCd2)">
            AND A.CTG_CD2 = #{ctgCd2}
        </if>
        <if test="@Ognl@isNotEmpty(ctgCd3)">
            AND A.CTG_CD3 = #{ctgCd3}
        </if>
    </sql>
    
    <sql id="dynamicSort">
        <if test="@Ognl@isNotEmpty(sortName)">
            ORDER BY
            <if test="sortName == 'title'">A.TITLE</if>
            <if test="sortName == 'regDt'">A.REG_DT</if>
            ${sortOrder}
        </if>
        <if test="@Ognl@isEmpty(sortName)">
            ORDER BY A.VOC_SEQ DESC, B.MGR_ID, B.VOC_SEQ DESC
        </if>
    </sql>

    <select id="list" resultType="vocBean" parameterType="map">
        SELECT Y.* FROM (
            SELECT ROWNUM NUM, X.* FROM (
                SELECT /*+ INDEX_DESC(A) INDEX_DESC(B) */
                       A.VOC_SEQ     AS vocSeq,
                       A.TITLE       AS title,
                       A.SUMMARY     AS summary,
                       A.RCV_NO      AS rcvNo,
                       FN_TAGS(A.VOC_SEQ) AS tags,
                       FN_VOC_NM(A.VOC_CD) AS vocNm,
                       FN_DIV_INFO(A.VOC_SEQ) AS divInfo,
                       FN_MGR_NM(A.WRITER_ID) AS writerNm,
                       A.MGR_STATUS_CD        AS mgrStatusCd,
                       FN_PRV_NM(A.MGR_STATUS_CD, 'VOC_MGR_STATUS') AS mgrStatusNm,
                       FN_PRV_NM(A.FROM_CD, 'VOC_FROM') AS fromNm,
                        <!-- FN_PRV_NM(A.FROM_CHNL_CD, 'VOC_FROM_CHNL') AS fromChnlNm,
                        FN_PRV_NM(A.FROM_ORG_CD, 'VOC_FROM_ORG') AS fromOrgNm, -->
                       FN_VOC_CTG_NM(A.CTG_CD1) AS ctgNm1,
                       FN_VOC_CTG_NM(A.CTG_CD2) AS ctgNm2,
                       FN_VOC_CTG_NM(A.CTG_CD3) AS ctgNm3,
                       FN_PRV_NM(A.KIND_CD, 'VOC_KIND') AS kindNm,
                       FN_FILE_CNT(A.USER_FILE_SEQ) + FN_FILE_CNT(A.MGR_FILE_SEQ) AS fileCnt,
                       FN_VOC_CMT_CNT(A.VOC_SEQ) + FN_VOC_IN_CMT_CNT(A.VOC_SEQ) AS cmtCnt,
                       A.SCORE_AVG    AS scoreAvg,
                       A.READ_CNT     AS readCnt,
                       FN_VOC_SNBK_REQ_CNT(A.VOC_SEQ) AS snbkReqCnt,
                       FN_VOC_EXT_REQ_CNT(A.VOC_SEQ) AS extReqCnt,
                       FN_VOC_SCRAP_YN(A.VOC_SEQ, #{scrapId}) AS scrapYn,
                       TO_CHAR(A.REG_DT, 'YYYY-MM-DD') AS regDt,
                       TO_CHAR(A.MODI_DT, 'YYYY-MM-DD') AS modiDt
                  FROM FM_VOC A, FM_VOC_SCRAP B
                 WHERE A.VOC_SEQ = B.VOC_SEQ
                   AND B.MGR_ID = #{scrapId}
                       <include refid="dynamicWhere" />
                       <include refid="dynamicSort" />
                ) X
            WHERE ROWNUM &lt;= #{pagingEndNum}
         ) Y
         WHERE NUM &gt;= #{pagingStartNum}
    </select>
    
    <select id="listCount" resultType="int" parameterType="map">
        SELECT COUNT(A.VOC_SEQ) AS totalCount
          FROM FM_VOC A, FM_VOC_SCRAP B
         WHERE A.VOC_SEQ = B.VOC_SEQ
           AND B.MGR_ID = #{scrapId}
               <include refid="dynamicWhere" />
    </select>
    
    <select id="view" resultType="int" parameterType="map">
        SELECT VOC_SEQ
          FROM FM_VOC_SCRAP
         WHERE VOC_SEQ = #{vocSeq}
           AND MGR_ID = #{mgrId}
    </select>
    
    <insert id="insert" parameterType="map">
        INSERT INTO FM_VOC_SCRAP (
            VOC_SEQ,     MGR_ID
        )
        VALUES (
            #{vocSeq},   #{mgrId}
        )
    </insert>
    
    <delete id="delete" parameterType="map">
        DELETE FROM FM_VOC_SCRAP
         WHERE VOC_SEQ = #{vocSeq}
           AND MGR_ID = #{mgrId}
    </delete>
    
</mapper>
