<?xml version="1.0" encoding="UTF-8"?>
<!DOCTYPE workflow 
    PUBLIC "-//OpenSymphony Group//DTD OSWorkflow 2.8//EN" 
    "http://www.opensymphony.com/osworkflow/workflow_2_8.dtd">

<workflow>

    <initial-actions>
        <action id="1" name="VOC 워크플로우 시작">
            <results>
                <result old-status="FINISH" status="FINISH" step="2">
                    <conditions> <!-- 일반/복합 VOC일 경우 분배자 스텝으로 이동 -->
                        <condition type="spring">
                            <arg name="bean.name">STEP_offInsertDivideCondition</arg>
                        </condition>
                    </conditions>
                </result>
                <result old-status="FINISH" status="FINISH" step="3">
                    <conditions> <!-- 처리자 직접지정일 경우 처리자 스텝으로 이동 -->
                        <condition type="spring">
                            <arg name="bean.name">STEP_offInsertAssignCondition</arg>
                        </condition>
                    </conditions>
                </result>
                <!-- 접수자 스텝으로 이동 -->
                <unconditional-result old-status="FINISH" status="FINISH" step="1"/>
            </results>
        </action>
    </initial-actions>

    <steps>
        <step id="1" name="접수자 스텝">
            <actions>
                <action id="10" name="접수" view="receivePop">
                    <restrict-to>
                        <conditions>
                            <condition type="spring">
                                <arg name="bean.name">BTN_globalCondition</arg>
                                <arg name="action.code">RECEIVE</arg>
                            </condition>
                        </conditions>
                    </restrict-to>
                    <results>
                        <unconditional-result old-status="FINISH" status="FINISH" step="1" />
                    </results>
                </action>
                <action id="11" name="분배" view="dividePop">
                    <restrict-to>
                        <conditions>
                            <condition type="spring">
                                <arg name="bean.name">BTN_globalCondition</arg>
                                <arg name="action.code">DIVIDE</arg>
                            </condition>
                        </conditions>
                    </restrict-to>
                    <results>
                        <unconditional-result old-status="FINISH" status="FINISH" step="2" />
                    </results>
                </action>
                <action id="12" name="처리자지정" view="directAssignPop">
                    <restrict-to>
                        <conditions>
                            <condition type="spring">
                                <arg name="bean.name">BTN_globalCondition</arg>
                                <arg name="action.code">DIRECT_ASSIGN</arg>
                            </condition>
                        </conditions>
                    </restrict-to>
                    <results>
                        <unconditional-result old-status="FINISH" status="FINISH" step="3" />
                    </results>
                </action>
                <action id="13" name="직접처리" view="directDealPop">
                    <restrict-to>
                        <conditions>
                            <condition type="spring">
                                <arg name="bean.name">BTN_globalCondition</arg>
                                <arg name="action.code">DIRECT_DEAL</arg>
                            </condition>
                        </conditions>
                    </restrict-to>
                    <results>
                        <unconditional-result old-status="FINISH" status="FINISH" step="5" />
                    </results>
                </action>
                <action id="14" name="이첩" view="transferPop">
                    <restrict-to>
                        <conditions>
                            <condition type="spring">
                                <arg name="bean.name">BTN_globalCondition</arg>
                                <arg name="action.code">TRANSFER</arg>
                            </condition>
                        </conditions>
                    </restrict-to>
                    <results>
                        <unconditional-result old-status="FINISH" status="FINISH" step="1" />
                    </results>
                </action>
                <action id="15" name="삭제" view="trashPop"> <!-- finish="true" -->
                    <restrict-to>
                        <conditions>
                            <condition type="spring">
                                <arg name="bean.name">BTN_globalCondition</arg>
                                <arg name="action.code">TRASH</arg>
                            </condition>
                        </conditions>
                    </restrict-to>
                    <results>
                        <unconditional-result old-status="FINISH" status="FINISH" step="-1" />
                    </results>
                </action>
                <action id="16" name="회수" view="recoveryPop">
                    <restrict-to>
                        <conditions>
                            <condition type="spring">
                                <arg name="bean.name">BTN_globalCondition</arg>
                                <arg name="action.code">RECOVERY</arg>
                            </condition>
                        </conditions>
                    </restrict-to>
                    <results>
                        <unconditional-result old-status="FINISH" status="FINISH" step="1" />
                    </results>
                </action>
                
                <!-- 복합 VOC일 경우에만 사용되며 xxComplex.xml 설정 내 재분배 액션 ID값이 일치해야 함, VocController에서 수동 설정됨 -->
                <action id="100" name="재분배" view="redividePop">
                    <restrict-to>
                        <conditions>
                            <condition type="spring">
                                <arg name="bean.name">BTN_globalCondition</arg>
                                <arg name="action.code">REDIVIDE</arg>
                            </condition>
                        </conditions>
                    </restrict-to>
                    <results>
                        <unconditional-result old-status="FINISH" status="FINISH" step="2" />
                    </results>
                </action>
            </actions>
        </step>

        <step id="2" name="분배자 스텝">
            <actions>
                <action id="21" name="처리자지정" view="assignPop">
                    <restrict-to>
                        <conditions>
                            <condition type="spring">
                                <arg name="bean.name">BTN_globalCondition</arg>
                                <arg name="action.code">ASSIGN</arg>
                            </condition>
                        </conditions>
                    </restrict-to>
                    <results>
                        <unconditional-result old-status="FINISH" status="FINISH" step="3" />
                    </results>
                </action>
                <action id="22" name="처리" view="dealPop">
                    <restrict-to>
                        <conditions>
                            <condition type="spring">
                                <arg name="bean.name">BTN_globalCondition</arg>
                                <arg name="action.code">DEAL</arg>
                            </condition>
                        </conditions>
                    </restrict-to>
                    <results>
                        <result old-status="FINISH" status="FINISH" step="4">
                            <conditions> <!-- 결재상신일 경우 결재자 스텝으로 이동 -->
                                <condition type="spring">
                                    <arg name="bean.name">STEP_dealCondition</arg>
                                </condition>
                            </conditions>
                        </result>
                        <!-- 전결일 경우 처리완료 스텝으로 이동 -->
                        <unconditional-result old-status="FINISH" status="FINISH" step="5" />
                    </results>
                </action>
                <action id="23" name="반송" view="sendBackPop">
                    <restrict-to>
                        <conditions>
                            <condition type="spring">
                                <arg name="bean.name">BTN_globalCondition</arg>
                                <arg name="action.code">SEND_BACK</arg>
                            </condition>
                        </conditions>
                    </restrict-to>
                    <results>
                        <result old-status="FINISH" status="FINISH" step="1">
                            <conditions> <!-- 접수자에게 반송일 경우 접수자 스텝으로 이동 -->
                                <condition type="spring">
                                    <arg name="bean.name">STEP_sendBackCondition</arg>
                                </condition>
                            </conditions>
                        </result>
                        <!-- 분배자에게 반송일 경우 분배자 스텝으로 이동 -->
                        <unconditional-result old-status="FINISH" status="FINISH" step="2" />
                    </results>
                </action>
                <action id="24" name="전달" view="movePop">
                    <restrict-to>
                        <conditions>
                            <condition type="spring">
                                <arg name="bean.name">BTN_globalCondition</arg>
                                <arg name="action.code">MOVE</arg>
                            </condition>
                        </conditions>
                    </restrict-to>
                    <results>
                        <result old-status="FINISH" status="FINISH" step="2">
                            <conditions> <!-- 부서 전달일 경우 분배자 스텝으로 이동 -->
                                <condition type="spring">
                                    <arg name="bean.name">STEP_moveCondition</arg>
                                </condition>
                            </conditions>
                        </result>
                        <!-- 처리자 전달일 경우 처리자 스텝으로 이동 -->
                        <unconditional-result old-status="FINISH" status="FINISH" step="3" />
                    </results>
                </action>
                <!-- 
                <action id="25" name="기한연장 요청" view="extensionReqPop">
                    <restrict-to>
                        <conditions>
                            <condition type="spring">
                                <arg name="bean.name">BTN_globalCondition</arg>
                                <arg name="action.code">EXTENSION_REQ</arg>
                            </condition>
                        </conditions>
                    </restrict-to>
                    <results>
                        <unconditional-result old-status="FINISH" status="FINISH" step="-1"/>
                    </results>
                </action> -->
                
                <!-- 접수자용 -->
                
                <action id="26" name="회수" view="recoveryPop">
                    <restrict-to>
                        <conditions>
                            <condition type="spring">
                                <arg name="bean.name">BTN_globalCondition</arg>
                                <arg name="action.code">RECOVERY</arg>
                            </condition>
                        </conditions>
                    </restrict-to>
                    <results>
                        <unconditional-result old-status="FINISH" status="FINISH" step="1" />
                    </results>
                </action>
                <action id="27" name="처리독촉" view="urgePop">
                    <restrict-to>
                        <conditions>
                            <condition type="spring">
                                <arg name="bean.name">BTN_globalCondition</arg>
                                <arg name="action.code">URGE</arg>
                            </condition>
                        </conditions>
                    </restrict-to>
                    <results>
                        <unconditional-result old-status="FINISH" status="FINISH" step="-1" />
                    </results>
                </action>
                <!-- 
                <action id="28" name="기한연장" view="extensionPop">
                    <restrict-to>
                        <conditions>
                            <condition type="spring">
                                <arg name="bean.name">BTN_globalCondition</arg>
                                <arg name="action.code">EXTENSION</arg>
                            </condition>
                        </conditions>
                    </restrict-to>
                    <results>
                        <unconditional-result old-status="FINISH" status="FINISH" step="-1" />
                    </results>
                </action> -->
            </actions>
        </step>

        <step id="3" name="처리자 스텝">
            <actions>
                <action id="31" name="처리" view="dealPop">
                    <restrict-to>
                        <conditions>
                            <condition type="spring">
                                <arg name="bean.name">BTN_globalCondition</arg>
                                <arg name="action.code">DEAL</arg>
                            </condition>
                        </conditions>
                    </restrict-to>
                    <results>
                        <result old-status="FINISH" status="FINISH" step="4">
                            <conditions> <!-- 결재상신일 경우 결재자 스텝으로 이동 -->
                                <condition type="spring">
                                    <arg name="bean.name">STEP_dealCondition</arg>
                                </condition>
                            </conditions>
                        </result>
                        <!-- 전결일 경우 처리완료 스텝으로 이동 -->
                        <unconditional-result old-status="FINISH" status="FINISH" step="5" />
                    </results>
                </action>
                <action id="32" name="반송" view="sendBackPop">
                    <restrict-to>
                        <conditions>
                            <condition type="spring">
                                <arg name="bean.name">BTN_globalCondition</arg>
                                <arg name="action.code">SEND_BACK</arg>
                            </condition>
                        </conditions>
                    </restrict-to>
                    <results>
                        <result old-status="FINISH" status="FINISH" step="1">
                            <conditions> <!-- 접수자에게 반송일 경우 접수자 스텝으로 이동 -->
                                <condition type="spring">
                                    <arg name="bean.name">STEP_sendBackCondition</arg>
                                </condition>
                            </conditions>
                        </result>
                        <!-- 분배자에게 반송일 경우 분배자 스텝으로 이동 -->
                        <unconditional-result old-status="FINISH" status="FINISH" step="2" />
                    </results>
                </action>
                <action id="33" name="전달" view="movePop">
                    <restrict-to>
                        <conditions>
                            <condition type="spring">
                                <arg name="bean.name">BTN_globalCondition</arg>
                                <arg name="action.code">MOVE</arg>
                            </condition>
                        </conditions>
                    </restrict-to>
                    <results>
                        <result old-status="FINISH" status="FINISH" step="2">
                            <conditions> <!-- 부서 전달일 경우 분배자 스텝으로 이동 -->
                                <condition type="spring">
                                    <arg name="bean.name">STEP_moveCondition</arg>
                                </condition>
                            </conditions>
                        </result>
                        <!-- 처리자 전달일 경우 처리자 스텝으로 이동 -->
                        <unconditional-result old-status="FINISH" status="FINISH" step="3" />
                    </results>
                </action>
                <!-- 
                <action id="34" name="기한연장 요청" view="extensionReqPop">
                    <restrict-to>
                        <conditions>
                            <condition type="spring">
                                <arg name="bean.name">BTN_globalCondition</arg>
                                <arg name="action.code">EXTENSION_REQ</arg>
                            </condition>
                        </conditions>
                    </restrict-to>
                    <results>
                        <unconditional-result old-status="FINISH" status="FINISH" step="-1"/>
                    </results>
                </action> -->
                
                <!-- 접수자용 -->
                
                <action id="35" name="회수" view="recoveryPop">
                    <restrict-to>
                        <conditions>
                            <condition type="spring">
                                <arg name="bean.name">BTN_globalCondition</arg>
                                <arg name="action.code">RECOVERY</arg>
                            </condition>
                        </conditions>
                    </restrict-to>
                    <results>
                        <unconditional-result old-status="FINISH" status="FINISH" step="1" />
                    </results>
                </action>
                <action id="36" name="처리독촉" view="urgePop">
                    <restrict-to>
                        <conditions>
                            <condition type="spring">
                                <arg name="bean.name">BTN_globalCondition</arg>
                                <arg name="action.code">URGE</arg>
                            </condition>
                        </conditions>
                    </restrict-to>
                    <results>
                        <unconditional-result old-status="FINISH" status="FINISH" step="-1" />
                    </results>
                </action>
                <!-- 
                <action id="37" name="기한연장" view="extensionPop">
                    <restrict-to>
                        <conditions>
                            <condition type="spring">
                                <arg name="bean.name">BTN_globalCondition</arg>
                                <arg name="action.code">EXTENSION</arg>
                            </condition>
                        </conditions>
                    </restrict-to>
                    <results>
                        <unconditional-result old-status="FINISH" status="FINISH" step="-1" />
                    </results>
                </action> -->
            </actions>
        </step>

        <step id="4" name="결재자 스텝">
            <actions>
                <action id="40" name="결재승인" view="sancApprovePop">
                    <restrict-to>
                        <conditions>
                            <condition type="spring">
                                <arg name="bean.name">BTN_globalCondition</arg>
                                <arg name="action.code">SANC_APPROVE</arg>
                            </condition>
                        </conditions>
                    </restrict-to>
                    <results>
                        <result old-status="FINISH" status="FINISH" step="5">
                            <conditions> <!-- 최종 승인일 처리완료 스텝으로 이동 -->
                                <condition type="spring">
                                    <arg name="bean.name">STEP_sancApproveCondition</arg>
                                </condition>
                            </conditions>
                        </result>
                        <!-- 중간승인일 경우 PASS -->
                        <unconditional-result old-status="FINISH" status="FINISH" step="-1" />
                    </results>
                </action>
                <action id="41" name="결재반려" view="sancDenyPop">
                    <restrict-to>
                        <conditions>
                            <condition type="spring">
                                <arg name="bean.name">BTN_globalCondition</arg>
                                <arg name="action.code">SANC_DENY</arg>
                            </condition>
                        </conditions>
                    </restrict-to>
                    <results>
                        <result old-status="FINISH" status="FINISH" step="2">
                            <conditions> <!-- 상신자가 분배자일 경우 분배자 스텝으로 이동 -->
                                <condition type="spring">
                                    <arg name="bean.name">STEP_sancCancelDenyCondition</arg>
                                </condition>
                            </conditions>
                        </result>
                        <!-- 상신자가 처리자일 경우 처리자 스텝으로 이동 -->
                        <unconditional-result old-status="FINISH" status="FINISH" step="3" />
                    </results>
                </action>
                
                <!-- 서무/처리자용 -->                
                <action id="42" name="결재취소" view="sancCancelPop">
                    <restrict-to>
                        <conditions>
                            <condition type="spring">
                                <arg name="bean.name">BTN_globalCondition</arg>
                                <arg name="action.code">SANC_CANCEL</arg>
                            </condition>
                        </conditions>
                    </restrict-to>
                    <results>
                        <result old-status="FINISH" status="FINISH" step="2">
                            <conditions> <!-- 상신자가 분배자일 경우 분배자 스텝으로 이동 -->
                                <condition type="spring">
                                    <arg name="bean.name">STEP_sancCancelDenyCondition</arg>
                                </condition>
                            </conditions>
                        </result>
                        <!-- 상신자가 처리자일 경우 처리자 스텝으로 이동 -->
                        <unconditional-result old-status="FINISH" status="FINISH" step="3" />
                    </results>
                </action>
                
                <!-- 접수자용
                <action id="43" name="기한연장" view="extensionPop">
                    <restrict-to>
                        <conditions>
                            <condition type="spring">
                                <arg name="bean.name">BTN_globalCondition</arg>
                                <arg name="action.code">EXTENSION</arg>
                            </condition>
                        </conditions>
                    </restrict-to>
                    <results>
                        <unconditional-result old-status="FINISH" status="FINISH" step="-1" />
                    </results>
                </action> -->
            </actions>
        </step>

        <step id="5" name="처리완료" />

    </steps>

</workflow>