<?xml version="1.0" encoding="UTF-8"?>
<!DOCTYPE workflow 
    PUBLIC "-//OpenSymphony Group//DTD OSWorkflow 2.8//EN" 
    "http://www.opensymphony.com/osworkflow/workflow_2_8.dtd">

<workflow>

    <initial-actions>
        <action id="1" name="VOC 워크플로우 시작 (협조부서)">
            <results>
                <!-- 분배자 스텝으로 이동 -->
                <unconditional-result old-status="FINISH" status="FINISH" step="2"/>
            </results>
        </action> <!--  -->
    </initial-actions>

    <steps>
        <step id="1" name="접수자 스텝">
            <actions>
                <action id="100" name="재분배" view="redividePop">
                    <restrict-to>
                        <conditions>
                            <condition type="spring">
                                <arg name="bean.name">BTN_globalCondition</arg>
                                <arg name="action.code">REDIVIDE</arg>
                            </condition>
                        </conditions>
                    </restrict-to>
                    <results>
                        <unconditional-result old-status="FINISH" status="FINISH" step="2" />
                    </results>
                </action>
            </actions>
        </step>
        
        <step id="2" name="분배자 스텝">
            <actions>
                <action id="21" name="처리자지정" view="assignPop">
                    <restrict-to>
                        <conditions>
                            <condition type="spring">
                                <arg name="bean.name">BTN_globalCondition</arg>
                                <arg name="action.code">ASSIGN</arg>
                            </condition>
                        </conditions>
                    </restrict-to>
                    <results>
                        <unconditional-result old-status="FINISH" status="FINISH" step="3" />
                    </results>
                </action>
                <action id="22" name="처리" view="dealPop">
                    <restrict-to>
                        <conditions>
                            <condition type="spring">
                                <arg name="bean.name">BTN_globalCondition</arg>
                                <arg name="action.code">DEAL</arg>
                            </condition>
                        </conditions>
                    </restrict-to>
                    <results>
                        <unconditional-result old-status="FINISH" status="FINISH" step="5" />
                    </results>
                </action>
                <action id="23" name="반송" view="sendBackPop">
                    <restrict-to>
                        <conditions>
                            <condition type="spring">
                                <arg name="bean.name">BTN_globalCondition</arg>
                                <arg name="action.code">SEND_BACK</arg>
                            </condition>
                        </conditions>
                    </restrict-to>
                    <results>
                        <result old-status="FINISH" status="FINISH" step="1">
                            <conditions> <!-- 접수자에게 반송일 경우 접수자 스텝으로 이동 -->
                                <condition type="spring">
                                    <arg name="bean.name">STEP_sendBackCondition</arg>
                                </condition>
                            </conditions>
                        </result>
                        <!-- 분배자에게 반송일 경우 분배자 스텝으로 이동 -->
                        <unconditional-result old-status="FINISH" status="FINISH" step="2" />
                    </results>
                </action>
                <action id="24" name="전달" view="movePop">
                    <restrict-to>
                        <conditions>
                            <condition type="spring">
                                <arg name="bean.name">BTN_globalCondition</arg>
                                <arg name="action.code">MOVE</arg>
                            </condition>
                        </conditions>
                    </restrict-to>
                    <results>
                        <result old-status="FINISH" status="FINISH" step="2">
                            <conditions> <!-- 부서 전달일 경우 분배자 스텝으로 이동 -->
                                <condition type="spring">
                                    <arg name="bean.name">STEP_moveCondition</arg>
                                </condition>
                            </conditions>
                        </result>
                        <!-- 처리자 전달일 경우 처리자 스텝으로 이동 -->
                        <unconditional-result old-status="FINISH" status="FINISH" step="3" />
                    </results>
                </action>
            </actions>
        </step>

        <step id="3" name="처리자 스텝">
            <actions>
                <action id="31" name="처리" view="dealPop">
                    <restrict-to>
                        <conditions>
                            <condition type="spring">
                                <arg name="bean.name">BTN_globalCondition</arg>
                                <arg name="action.code">DEAL</arg>
                            </condition>
                        </conditions>
                    </restrict-to>
                    <results>
                        <unconditional-result old-status="FINISH" status="FINISH" step="5" />
                    </results>
                </action>
                <action id="32" name="반송" view="sendBackPop">
                    <restrict-to>
                        <conditions>
                            <condition type="spring">
                                <arg name="bean.name">BTN_globalCondition</arg>
                                <arg name="action.code">SEND_BACK</arg>
                            </condition>
                        </conditions>
                    </restrict-to>
                    <results>
                        <result old-status="FINISH" status="FINISH" step="1">
                            <conditions> <!-- 접수자에게 반송일 경우 접수자 스텝으로 이동 -->
                                <condition type="spring">
                                    <arg name="bean.name">STEP_sendBackCondition</arg>
                                </condition>
                            </conditions>
                        </result>
                        <!-- 분배자에게 반송일 경우 분배자 스텝으로 이동 -->
                        <unconditional-result old-status="FINISH" status="FINISH" step="2" />
                    </results>
                </action>
                <action id="33" name="전달" view="movePop">
                    <restrict-to>
                        <conditions>
                            <condition type="spring">
                                <arg name="bean.name">BTN_globalCondition</arg>
                                <arg name="action.code">MOVE</arg>
                            </condition>
                        </conditions>
                    </restrict-to>
                    <results>
                        <result old-status="FINISH" status="FINISH" step="2">
                            <conditions> <!-- 부서 전달일 경우 분배자 스텝으로 이동 -->
                                <condition type="spring">
                                    <arg name="bean.name">STEP_moveCondition</arg>
                                </condition>
                            </conditions>
                        </result>
                        <!-- 처리자 전달일 경우 처리자 스텝으로 이동 -->
                        <unconditional-result old-status="FINISH" status="FINISH" step="3" />
                    </results>
                </action>
            </actions>
        </step>

        <step id="5" name="처리완료" />

    </steps>

</workflow>