<?xml version="1.0" encoding="UTF-8"?>

<configuration debug="false"> <!-- scan="true" scanPeriod="60 seconds" -->
    
    <!-- 
    <statusListener class="ch.qos.logback.core.status.NopStatusListener" /> -->
    
    <!-- 
    <contextListener class="ch.qos.logback.classic.jul.LevelChangePropagator">
        <resetJUL>true</resetJUL>
    </contextListener> -->

    <appender name="STDOUT" class="ch.qos.logback.core.ConsoleAppender">
        <encoder>
            <charset>UTF-8</charset>
            <pattern>[%d{MM-dd HH:mm:ss}] %-5p %F:%L : %m%n</pattern>
        </encoder>
    </appender>
    
    <appender name="DAILY" class="ch.qos.logback.core.rolling.RollingFileAppender">
        <append>true</append>
        <file>${sm.webapp.root}/WEB-INF/log/webapp.log</file>
        <rollingPolicy class="ch.qos.logback.core.rolling.TimeBasedRollingPolicy">
            <fileNamePattern>${sm.webapp.root}/WEB-INF/log/webapp.%d{yyyy-MM-dd}.log</fileNamePattern>
            <maxHistory>30</maxHistory> <!-- 지정 일수만 로그파일 유지 -->
        </rollingPolicy>
        <encoder>
            <charset>UTF-8</charset>
            <pattern>[%d{MM-dd HH:mm:ss}] %-5p %F:%L : %m%n</pattern>
        </encoder>
    </appender>
    
    <appender name="PI_DAILY" class="ch.qos.logback.core.rolling.RollingFileAppender">
        <append>true</append>
        <file>${sm.webapp.root}/WEB-INF/log/pi.log</file>
        <rollingPolicy class="ch.qos.logback.core.rolling.TimeBasedRollingPolicy">
            <fileNamePattern>${sm.webapp.root}/WEB-INF/log/pi.%d{yyyy-MM-dd}.log</fileNamePattern>
        </rollingPolicy>
        <encoder>
            <charset>UTF-8</charset>
            <pattern>[%d{yyyy-MM-dd HH:mm:ss}] %F:%L : %m%n</pattern>
        </encoder>
    </appender>
    
    <appender name="SC_DAILY" class="ch.qos.logback.core.rolling.RollingFileAppender">
        <append>true</append>
        <file>${sm.webapp.root}/WEB-INF/log/scheduler.log</file>
        <rollingPolicy class="ch.qos.logback.core.rolling.TimeBasedRollingPolicy">
            <fileNamePattern>${sm.webapp.root}/WEB-INF/log/scheduler.%d{yyyy-MM-dd}.log</fileNamePattern>
        </rollingPolicy>
        <encoder>
            <charset>UTF-8</charset>
            <pattern>[%d{yyyy-MM-dd HH:mm:ss}] %F:%L : %m%n</pattern>
        </encoder>
    </appender>
    
    <!-- 
    <logger name="com.srpost.springsecurity" level="debug" />
    <logger name="org.springframework.security" level="debug" />
    <logger name="org.springframework.context.support" level="debug" />
    <logger name="org.springframework" level="info" />
    <logger name="org.springframework" additivity="false" level="info" appender-ref="DAILY" /> -->
    
    <!-- 
    <logger name="java.sql" level="debug" />
    <logger name="org.apache.ibatis" level="debug" />
    <logger name="org.mybatis" level="debug" />
    <logger name="org.springframework.jdbc" level="debug" />
    <logger name="org.springframework.transaction" level="debug" /> -->
    
    
    <!-- 개인정보 조회 로그 -->
    <logger name="com.srpost.cm.bo.base.login.LoginController" level="info" additivity="false">
        <appender-ref ref="PI_DAILY" />
    </logger>
    <logger name="com.srpost.cm.bo.fm.voc.core.modal.VocModalController" level="info" additivity="false">
        <appender-ref ref="PI_DAILY" />
    </logger>
    <logger name="com.srpost.cm.bo.fm.voc.core.user.VocUserController" level="info" additivity="false">
        <appender-ref ref="PI_DAILY" />
    </logger>
    
    <!-- 스케줄러 로그 -->
    <logger name="com.srpost.salmon.spi.fts" level="info" additivity="false">
        <appender-ref ref="SC_DAILY" />
    </logger>
    <logger name="com.srpost.salmon.scheduelr.MultipleCacheReloadScheduler" level="info" additivity="false">
        <appender-ref ref="SC_DAILY" />
    </logger>
    <logger name="com.srpost.cm.bo.sr.srm.conf.scheduler.VocDeadlineAndExceedScheduler" level="info" additivity="false">
        <appender-ref ref="SC_DAILY" />
    </logger>
    <logger name="com.srpost.cm.bo.base.mgr.absence.MgrAbsenceCheckScheduler" level="info" additivity="false">
        <appender-ref ref="SC_DAILY" />
    </logger>    
    
    
    <logger name="org.springframework.web.servlet" level="warn" additivity="false" />
    
    <root>
        <level value="info" />
        <appender-ref ref="STDOUT" />
        <!-- <appender-ref ref="DAILY" /> -->
    </root>

</configuration>