<?xml version="1.0" encoding="UTF-8" ?>
<!DOCTYPE mapper 
    PUBLIC "-//mybatis.org//DTD Mapper 3.0//EN" 
    "http://mybatis.org/dtd/mybatis-3-mapper.dtd">

<mapper namespace="_ctr">

    <sql id="dynamicWhere">
        
        <if test="@Ognl@isNotEmpty(ctrSeq)">
            AND A.CTR_SEQ = #{ctrSeq}
        </if>
        <if test="@Ognl@isEmpty(ctrSeq)">
            <if test="@Ognl@isEmpty(orderNo)">
                AND A.ORDER_NO = (SELECT MAX(ORDER_NO) FROM FM_SVC_CTR WHERE CTR_SEQ = A.CTR_SEQ)
            </if>
            <if test="@Ognl@isNotEmpty(orderNo)">
                AND A.ORDER_NO = #{orderNo}
            </if>
        </if>
        
        <if test="@Ognl@isNotEmpty(searchVal)">
            <if test="searchKey == 1000">
                AND A.CTR_NM LIKE '%' || #{searchVal} || '%'
            </if>
        </if>
        <if test="@Ognl@isNotEmpty(startDt)">
            AND A.REG_DT &gt;= TO_DATE(#{startDt}, 'YYYYMMDDHH24MISS')
        </if>
        <if test="@Ognl@isNotEmpty(endDt)">
            AND A.REG_DT &lt;= TO_DATE(#{endDt}, 'YYYYMMDDHH24MISS')
        </if>
    </sql>
    
    <select id="list" resultType="ctrBean" parameterType="map">
        SELECT Y.* FROM (
            SELECT ROWNUM NUM, X.* FROM (
                SELECT /*+ INDEX_DESC(A) */
                       A.CTR_SEQ      AS ctrSeq,
                       A.ORDER_NO     AS orderNo,
                       A.CTR_NM       AS ctrNm,
                       TO_CHAR(TO_DATE(A.START_DD, 'YYYYMMDD'), 'YYYY-MM-DD')     AS startDd,
                       TO_CHAR(TO_DATE(A.END_DD, 'YYYYMMDD'), 'YYYY-MM-DD')       AS endDd,
                       TO_DATE(A.END_DD, 'YYYYMMDD') - TO_DATE(TO_CHAR(SYSDATE, 'YYYYMMDD'), 'YYYYMMDD') AS ingCnt,
                       TO_CHAR(A.REG_DT, 'YYYY-MM-DD') AS regDt,
                       TO_CHAR(A.MODI_DT, 'YYYY-MM-DD') AS modiDt
                  FROM FM_SVC_CTR A
                 WHERE 1 = 1
                       <include refid="dynamicWhere" />
                ) X
            WHERE ROWNUM &lt;= #{pagingEndNum}
         ) Y
         WHERE NUM &gt;= #{pagingStartNum}
    </select>
    
    <select id="listCount" resultType="int" parameterType="map">
        SELECT COUNT(CTR_SEQ) AS totalCount
          FROM FM_SVC_CTR A
         WHERE 1 = 1
               <include refid="dynamicWhere" />
    </select>
    
    <select id="listExcel" resultType="ctrBean" parameterType="map">
        SELECT /*+ INDEX_DESC(A) */
               A.CTR_SEQ      AS ctrSeq,
               A.ORDER_NO     AS orderNo,
               A.CTR_NM       AS ctrNm,
               TO_CHAR(TO_DATE(A.START_DD, 'YYYYMMDD'), 'YYYY-MM-DD')     AS startDd,
               TO_CHAR(TO_DATE(A.END_DD, 'YYYYMMDD'), 'YYYY-MM-DD')       AS endDd,
               TO_DATE(A.END_DD, 'YYYYMMDD') - TO_DATE(TO_CHAR(SYSDATE, 'YYYYMMDD'), 'YYYYMMDD') AS ingCnt,
               TO_CHAR(A.REG_DT, 'YYYY-MM-DD') AS regDt,
               TO_CHAR(A.MODI_DT, 'YYYY-MM-DD') AS modiDt
          FROM FM_SVC_CTR A
         WHERE 1 = 1
               <include refid="dynamicWhere" />
    </select>
    
    <resultMap type="ctrBean" id="ctrMap">
        <id property="ctrSeq" column="ctrSeq"/>
        <result property="orderNo" column="orderNo"/>
        <result property="ctrNm" column="ctrNm"/>
        <result property="startDd" column="startDd"/>
        <result property="endDd" column="endDd"/>
        <result property="ingCnt" column="ingCnt"/>
        <result property="ctrCnt" column="ctrCnt"/>
        <result property="regDt" column="regDt"/>
        <result property="modiDt" column="modiDt"/>
        <collection property="mgrList" column="{ctrSeq=ctrSeq, orderNo=orderNo" select="_ctrModal.mgrList"/>
        <collection property="prjList" column="{ctrSeq=ctrSeq, orderNo=orderNo" select="_ctrModal.prjList"/>
        <collection property="objList" column="{ctrSeq=ctrSeq, orderNo=orderNo" select="_ctrModal.objList"/>
        <collection property="busiList" column="{ctrSeq=ctrSeq, orderNo=orderNo" select="_ctrModal.busiList"/>
    </resultMap>
    <select id="view" resultMap="ctrMap" parameterType="ctrBean">
        SELECT A.CTR_SEQ      AS ctrSeq,
               A.ORDER_NO     AS orderNo,
               A.CTR_NM       AS ctrNm,
               TO_CHAR(TO_DATE(A.START_DD, 'YYYYMMDD'), 'YYYY-MM-DD')     AS startDd,
               TO_CHAR(TO_DATE(A.END_DD, 'YYYYMMDD'), 'YYYY-MM-DD')       AS endDd,
               TO_DATE(A.END_DD, 'YYYYMMDD') - TO_DATE(TO_CHAR(SYSDATE, 'YYYYMMDD'), 'YYYYMMDD') AS ingCnt,
               TO_CHAR(A.REG_DT, 'YYYY-MM-DD HH24:MI:SS') AS regDt,
               TO_CHAR(A.MODI_DT, 'YYYY-MM-DD HH24:MI:SS') AS modiDt
          FROM FM_SVC_CTR A
         WHERE A.CTR_SEQ = #{ctrSeq}
               <if test="@Ognl@isEmpty(orderNo)">
                   AND A.ORDER_NO = (SELECT MAX(ORDER_NO) FROM FM_SVC_CTR WHERE CTR_SEQ = A.CTR_SEQ)
               </if>
               <if test="@Ognl@isNotEmpty(orderNo)">
                   AND A.ORDER_NO = #{orderNo}
               </if>
    </select>
    
    <insert id="insert" parameterType="ctrBean">
        <selectKey keyProperty="orderNo" resultType="int" order="BEFORE">
            SELECT NVL(MAX(ORDER_NO), 0) + 1
              FROM FM_SVC_CTR
             WHERE CTR_SEQ = #{ctrSeq}
        </selectKey>
        INSERT INTO FM_SVC_CTR (
            CTR_SEQ,        ORDER_NO,       CTR_NM,         START_DD,	    END_DD
        )
        VALUES (
            #{ctrSeq},      #{orderNo},     #{ctrNm},       #{startDd},     #{endDd}
        )
    </insert>
        
    <update id="update" parameterType="ctrBean">
        UPDATE FM_SVC_CTR SET
               <if test="@Ognl@isNotEmpty(ctrNm)">
                   CTR_NM   = #{ctrNm},
               </if>
               <if test="@Ognl@isNotEmpty(startDd)">
                   START_DD = #{startDd},
               </if>
               <if test="@Ognl@isNotEmpty(endDd)">
                   END_DD   = #{endDd},
               </if>
               MODI_DT  = SYSDATE
         WHERE CTR_SEQ  = #{ctrSeq}
               <if test="@Ognl@isNotEmpty(orderNo)">
                   AND ORDER_NO = #{orderNo}
               </if>
    </update>
    
    <delete id="delete" parameterType="ctrBean">
        DELETE 
          FROM FM_SVC_CTR
         WHERE 1 = 1
               <if test="@Ognl@isNotEmpty(ctrSeqs)">
                   AND CTR_SEQ IN 
                   <foreach collection="ctrSeqs" index="index" open="(" close=")" separator=", " item="entry">
                       #{entry}
                   </foreach>
               </if>
               <if test="@Ognl@isNotEmpty(orderNo)">
                   AND ORDER_NO = #{orderNo}
               </if>
    </delete>
    
</mapper>
