<?xml version="1.0" encoding="UTF-8" ?>
<!DOCTYPE mapper 
    PUBLIC "-//mybatis.org//DTD Mapper 3.0//EN" 
    "http://mybatis.org/dtd/mybatis-3-mapper.dtd">

<mapper namespace="_prj">

    <sql id="dynamicWhere">
        
        <if test="@Ognl@isNotEmpty(searchVal)">
            <if test="searchKey == 1000">
                AND PRJ_NM LIKE '%' || #{searchVal} || '%'
            </if>
            <if test="searchKey == 2000">
                AND PRJ_CONTENTS LIKE '%' || #{searchVal} || '%'
            </if>
        </if>
        <if test="@Ognl@isNotEmpty(startDt)">
            AND REG_DT &gt;= TO_DATE(#{startDt}, 'YYYYMMDDHH24MISS')
        </if>
        <if test="@Ognl@isNotEmpty(endDt)">
            AND REG_DT &lt;= TO_DATE(#{endDt}, 'YYYYMMDDHH24MISS')
        </if>
        
        <if test="@Ognl@isNotEmpty(useYn)">
            AND USE_YN = #{useYn}
        </if>
    </sql>
    
    <select id="list" resultType="prjBean" parameterType="map">
        SELECT Y.* FROM (
            SELECT ROWNUM NUM, X.* FROM (
                SELECT /*+ INDEX_DESC(FM_SVC_PRJ) */
                       PRJ_SEQ      AS prjSeq,
                       PRJ_NM       AS prjNm,
                       DECODE(START_DD, '', NULL, TO_CHAR(TO_DATE(START_DD, 'YYYYMMDD'), 'YYYY-MM-DD')) AS startDd,
                       DECODE(END_DD, '', NULL, TO_CHAR(TO_DATE(END_DD, 'YYYYMMDD'), 'YYYY-MM-DD')) AS endDd,
                       DECODE(OPEN_DD, '', NULL, TO_CHAR(TO_DATE(OPEN_DD, 'YYYYMMDD'), 'YYYY-MM-DD')) AS openDd,
                       DECODE(END_DD, '', NULL, TO_DATE(END_DD, 'YYYYMMDD')) - TO_DATE(TO_CHAR(SYSDATE, 'YYYYMMDD'), 'YYYYMMDD') AS ingCnt,
                       USE_YN       AS useYn,
                       TO_CHAR(REG_DT, 'YYYY-MM-DD') AS regDt,
                       TO_CHAR(MODI_DT, 'YYYY-MM-DD') AS modiDt
                  FROM FM_SVC_PRJ
                 WHERE 1 = 1
                       <include refid="dynamicWhere" />
                ) X
            WHERE ROWNUM &lt;= #{pagingEndNum}
         ) Y
         WHERE NUM &gt;= #{pagingStartNum}
    </select>
    
    <select id="listCount" resultType="int" parameterType="map">
        SELECT COUNT(PRJ_SEQ) AS totalCount
          FROM FM_SVC_PRJ
         WHERE 1 = 1
               <include refid="dynamicWhere" />
    </select>
    
    <select id="listExcel" resultType="prjBean" parameterType="map">
        SELECT /*+ INDEX_DESC(FM_SVC_PRJ) */
               PRJ_SEQ      AS prjSeq,
               PRJ_NM       AS prjNm,
               DECODE(START_DD, '', NULL, TO_CHAR(TO_DATE(START_DD, 'YYYYMMDD'), 'YYYY-MM-DD')) AS startDd,
               DECODE(END_DD, '', NULL, TO_CHAR(TO_DATE(END_DD, 'YYYYMMDD'), 'YYYY-MM-DD')) AS endDd,
               DECODE(OPEN_DD, '', NULL, TO_CHAR(TO_DATE(OPEN_DD, 'YYYYMMDD'), 'YYYY-MM-DD')) AS openDd,
               DECODE(END_DD, '', NULL, TO_DATE(END_DD, 'YYYYMMDD')) - TO_DATE(TO_CHAR(SYSDATE, 'YYYYMMDD'), 'YYYYMMDD') AS ingCnt,
               USE_YN       AS useYn,
               TO_CHAR(REG_DT, 'YYYY-MM-DD') AS regDt,
               TO_CHAR(MODI_DT, 'YYYY-MM-DD') AS modiDt
          FROM FM_SVC_PRJ
         WHERE 1 = 1
               <include refid="dynamicWhere" />
    </select>
    
    <select id="view" resultType="prjBean" parameterType="prjBean">
        SELECT PRJ_SEQ      AS prjSeq,
               PRJ_NM       AS prjNm,
               PRJ_CONTENTS AS prjContents,
               DECODE(START_DD, '', NULL, TO_CHAR(TO_DATE(START_DD, 'YYYYMMDD'), 'YYYY-MM-DD')) AS startDd,
               DECODE(END_DD, '', NULL, TO_CHAR(TO_DATE(END_DD, 'YYYYMMDD'), 'YYYY-MM-DD')) AS endDd,
               DECODE(OPEN_DD, '', NULL, TO_CHAR(TO_DATE(OPEN_DD, 'YYYYMMDD'), 'YYYY-MM-DD')) AS openDd,
               DECODE(END_DD, '', NULL, TO_DATE(END_DD, 'YYYYMMDD')) - TO_DATE(TO_CHAR(SYSDATE, 'YYYYMMDD'), 'YYYYMMDD') AS ingCnt,
               USE_YN       AS useYn,
               TO_CHAR(REG_DT, 'YYYY-MM-DD HH24:MI:SS') AS regDt,
               TO_CHAR(MODI_DT, 'YYYY-MM-DD HH24:MI:SS') AS modiDt
          FROM FM_SVC_PRJ
         WHERE PRJ_SEQ = #{prjSeq}
    </select>
    
    <insert id="insert" parameterType="prjBean">
        INSERT INTO FM_SVC_PRJ (
            PRJ_SEQ,        PRJ_NM,         PRJ_CONTENTS,       START_DD,       END_DD,
            OPEN_DD
        )
        VALUES (
            #{prjSeq},     #{prjNm},        #{prjContents},     #{startDd},     #{endDd},
            #{openDd}
        )
    </insert>
        
    <update id="update" parameterType="prjBean">
        UPDATE FM_SVC_PRJ SET
               <if test="@Ognl@isNotEmpty(prjNm)">
                   PRJ_NM   = #{prjNm},
               </if>
               <if test="@Ognl@isNotEmpty(prjContents)">
                   PRJ_CONTENTS = #{prjContents},
               </if>
               <if test="@Ognl@isNotEmpty(startDd)">
                   START_DD = #{startDd},
               </if>
               <if test="@Ognl@isNotEmpty(endDd)">
                   END_DD   = #{endDd},
               </if>
               OPEN_DD      = #{openDd},
               USE_YN       = #{useYn},
               MODI_DT      = SYSDATETIME
         WHERE PRJ_SEQ = #{prjSeq}
    </update>
    
    <delete id="delete" parameterType="prjBean">
        DELETE 
          FROM FM_SVC_PRJ
         WHERE 1 = 1
               <if test="@Ognl@isNotEmpty(prjSeqs)">
                   AND PRJ_SEQ IN 
                   <foreach collection="prjSeqs" index="index" open="(" close=")" separator=", " item="entry">
                       #{entry}
                   </foreach>
               </if>
    </delete>
    
</mapper>
