<?xml version="1.0" encoding="UTF-8" ?>
<!DOCTYPE mapper 
    PUBLIC "-//mybatis.org//DTD Mapper 3.0//EN" 
    "http://mybatis.org/dtd/mybatis-3-mapper.dtd">

<mapper namespace="_vocTrash">

    <sql id="dynamicWhere">
        <if test="@Ognl@isNotEmpty(delYn)">
            AND A.DEL_YN = #{delYn}
        </if>
        <if test="@Ognl@isNotEmpty(delCd)">
            AND B.DEL_CD = #{delCd}
        </if>
        
        <if test="@Ognl@isNotEmpty(searchVal)">
            <if test="searchKey == 1000">
                AND A.TITLE LIKE '%' || #{searchVal} || '%'
            </if>
            <if test="searchKey == 2000">
                AND A.QUESTION LIKE '%' || #{searchVal} || '%'
            </if>
            <if test="searchKey == 3000">
                AND A.REPLY LIKE '%' || #{searchVal} || '%'
            </if>
            <if test="searchKey == 4000">
                AND A.VOC_SEQ IN 
                    (SELECT /*+ INDEX(FM_VOC_TAG) */ VOC_SEQ 
                       FROM FM_VOC_TAG 
                      WHERE TAG_NM = #{searchVal})
            </if>
        </if>
        <if test="@Ognl@isNotEmpty(startDt)">
            AND A.REG_DT &gt;= TO_DATETIME(#{startDt}, 'YYYYMMDDHH24MISS')
        </if>
        <if test="@Ognl@isNotEmpty(endDt)">
            AND A.REG_DT &lt;= TO_DATETIME(#{endDt}, 'YYYYMMDDHH24MISS')
        </if>
    </sql>
    
    <sql id="dynamicSort">
        <if test="@Ognl@isNotEmpty(sortName)">
            ORDER BY
            <if test="sortName == 'title'">A.TITLE</if>
            <if test="sortName == 'regDt'">A.REG_DT</if>
            ${sortOrder}
        </if>
        <if test="@Ognl@isEmpty(sortName)">
            ORDER BY A.VOC_SEQ DESC, B.VOC_SEQ DESC
        </if>
    </sql>

    <select id="list" resultType="vocTrashBean" parameterType="map">
        SELECT Y.* FROM (
            SELECT ROWNUM NUM, X.* FROM (
                SELECT /*+ INDEX_DESC(A) INDEX_DESC(B) */
                       A.VOC_SEQ     AS vocSeq,
                       A.TITLE       AS title,
                       A.SUMMARY     AS summary,
                       A.RCV_NO      AS rcvNo,
                       FN_TAGS(A.VOC_SEQ) AS tags,
                       FN_VOC_NM(A.VOC_CD) AS vocNm,
                       FN_DIV_INFO(A.VOC_SEQ) AS divInfo,
                       FN_MGR_NM(A.WRITER_ID) AS writerNm,
                       A.MGR_STATUS_CD        AS mgrStatusCd,
                       FN_PRV_NM(A.MGR_STATUS_CD, 'VOC_MGR_STATUS') AS mgrStatusNm,
                       FN_PRV_NM(A.FROM_CD, 'VOC_FROM') AS fromNm,
                        <!-- FN_PRV_NM(A.FROM_CHNL_CD, 'VOC_FROM_CHNL') AS fromChnlNm,
                        FN_PRV_NM(A.FROM_ORG_CD, 'VOC_FROM_ORG') AS fromOrgNm, -->
                       FN_VOC_CTG_NM(A.CTG_CD1) AS ctgNm1,
                       FN_VOC_CTG_NM(A.CTG_CD2) AS ctgNm2,
                       FN_VOC_CTG_NM(A.CTG_CD3) AS ctgNm3,
                       FN_PRV_NM(A.KIND_CD, 'VOC_KIND') AS kindNm,
                       FN_PRV_NM(B.DEL_CD, 'VOC_DEL') AS delNm,
                       FN_FILE_CNT(A.USER_FILE_SEQ) + FN_FILE_CNT(A.MGR_FILE_SEQ) AS fileCnt,
                       FN_VOC_CMT_CNT(A.VOC_SEQ) + FN_VOC_IN_CMT_CNT(A.VOC_SEQ) AS cmtCnt,
                       A.READ_CNT     AS readCnt,
                       FN_VOC_SCRAP_YN(A.VOC_SEQ, #{scrapId}) AS scrapYn,
                       TO_CHAR(B.REG_DT, 'YYYY-MM-DD') AS delDt,
                       TO_CHAR(A.REG_DT, 'YYYY-MM-DD') AS regDt,
                       TO_CHAR(A.MODI_DT, 'YYYY-MM-DD') AS modiDt
                  FROM FM_VOC A, FM_VOC_DEL B
                 WHERE A.VOC_SEQ = B.VOC_SEQ
                       <include refid="dynamicWhere" />
                       <include refid="dynamicSort" />
                ) X
            WHERE ROWNUM &lt;= #{pagingEndNum}
         ) Y
         WHERE NUM &gt;= #{pagingStartNum}
    </select>
    
    <select id="listCount" resultType="int" parameterType="map">
        SELECT COUNT(A.VOC_SEQ) AS totalCount
          FROM FM_VOC A, FM_VOC_DEL B
         WHERE A.VOC_SEQ = B.VOC_SEQ
               <include refid="dynamicWhere" />
    </select>
    
    <select id="view" resultType="vocTrashBean" parameterType="int">
        SELECT A.VOC_SEQ     AS vocSeq,
               A.VOC_CD      AS vocCd,
               A.RCV_NO      AS rcvNo,
               A.TITLE       AS title,
               A.QUESTION    AS question,
               A.REPLY       AS reply,
               A.RCV_MEMO    AS rcvMemo,
               A.RCV_ID      AS rcvId,
               A.MGR_STATUS_CD  AS mgrStatusCd,
               A.USER_STATUS_CD AS userStatusCd,
               A.MGR_FILE_SEQ   AS mgrFileSeq,
               A.USER_FILE_SEQ  AS userFileSeq,
               A.FROM_CD        AS fromCd,
               A.FROM_CHNL_CD   AS fromChnlCd,
               A.FROM_ORG_CD    AS fromOrgCd,
               A.KIND_CD     AS kindCd,
               A.TYPE_CD     AS typeCd,
               A.END_CD      AS endCd,
               FN_MGR_NM(A.REG_ID) AS regNm,
               FN_MGR_NM(A.RCV_ID) AS rcvNm,
               FN_VOC_NM(A.VOC_CD) AS vocNm,
               FN_MGR_NM(A.WRITER_ID) AS writerNm,
               FN_PRV_NM(A.MGR_STATUS_CD, 'VOC_MGR_STATUS')   AS mgrStatusNm,
               FN_PRV_NM(A.USER_STATUS_CD, 'VOC_USER_STATUS') AS userStatusNm,
               FN_PRV_NM(A.FROM_CD, 'VOC_FROM') AS fromNm,
               <!-- FN_PRV_NM(A.FROM_CHNL_CD, 'VOC_FROM_CHNL') AS fromChnlNm,
               FN_PRV_NM(A.FROM_ORG_CD, 'VOC_FROM_ORG') AS fromOrgNm, -->
               FN_VOC_CTG_NM(A.CTG_CD1) AS ctgNm1,
               FN_VOC_CTG_NM(A.CTG_CD2) AS ctgNm2,
               FN_VOC_CTG_NM(A.CTG_CD3) AS ctgNm3,
               FN_PRV_NM(A.KIND_CD, 'VOC_KIND') AS kindNm,
               FN_PRV_NM(A.TYPE_CD, 'VOC_TYPE') AS typeNm,
               FN_PRV_NM(A.END_CD, 'VOC_END') AS endNm,
               A.END_CNT     AS endCnt,
               A.OPEN_YN     AS openYn,
               A.MANY_YN     AS manyYn,
               A.RPT_YN      AS rptYn,
               A.SANC_YN     AS sancYn,
               A.SCORE_AVG   AS scoreAvg,
               A.SCORE_YN    AS scoreYn,
               A.SCORE_DESC  AS scroeDesc,
               A.ALERT_CDS   AS alertCds,
               FN_PRV_NM(B.DEL_CD, 'VOC_DEL') AS delNm,
               B.DEL_DESC  AS delDesc,
               TO_CHAR(B.REG_DT, 'YYYY-MM-DD HH24:MI:SS') AS delDt,
               TO_CHAR(A.RCV_DT, 'YYYY-MM-DD HH24:MI:SS') AS rcvDt,
               TO_CHAR(A.DIV_DT, 'YYYY-MM-DD HH24:MI:SS') AS divDt,
               TO_CHAR(A.ASN_DT, 'YYYY-MM-DD HH24:MI:SS') AS asnDt,
               TO_CHAR(A.LMT_DT, 'YYYY-MM-DD HH24:MI:SS') AS lmtDt,
               TO_CHAR(A.END_DT, 'YYYY-MM-DD HH24:MI:SS') AS endDt,
               TO_CHAR(A.REG_DT, 'YYYY-MM-DD HH24:MI:SS') AS regDt,
               TO_CHAR(A.MODI_DT, 'YYYY-MM-DD HH24:MI:SS') AS modiDt
          FROM FM_VOC A, FM_VOC_DEL B
         WHERE A.VOC_SEQ = B.VOC_SEQ
           AND A.VOC_SEQ = #{vocSeq}
    </select>
    
    <delete id="deleteDel" parameterType="int">
        DELETE FROM FM_VOC_DEL
         WHERE VOC_SEQ = #{vocSeq}
    </delete>
    
    <update id="updateVocForRestore" parameterType="map">
        UPDATE FM_VOC 
           SET DEL_YN = 'N',
               RCV_NO = '',
               RCV_ID = '',
               RCV_DT = NULL,
               DIV_DT = NULL,
               ASN_DT = NULL,
               LMT_DT = NULL,
               END_DT = NULL,
               KIND_CD = '',
               END_CD  = '',
               END_CNT = -1,
               REPORTER_ID = '',
               RCV_MEMO = '',
               VOC_MEMO = '',
               MGR_STATUS_CD = #{mgrStatusCd},
               USER_STATUS_CD = #{userStatusCd}
         WHERE VOC_SEQ = #{vocSeq}
    </update>
    
    
    <delete id="delete" parameterType="int">
        DELETE FROM FM_VOC
         WHERE VOC_SEQ = #{vocSeq}
    </delete>
    
</mapper>
