<?xml version="1.0" encoding="UTF-8" ?>
<!DOCTYPE mapper 
    PUBLIC "-//mybatis.org//DTD Mapper 3.0//EN" 
    "http://mybatis.org/dtd/mybatis-3-mapper.dtd">

<mapper namespace="_busi">

    <sql id="dynamicWhere">
        
        <if test="@Ognl@isNotEmpty(searchVal)">
            <if test="searchKey == 1000">
                AND BUSI_NM LIKE '%' || #{searchVal} || '%'
            </if>
            <if test="searchKey == 2000">
                AND BUSI_NO LIKE '%' || #{searchVal} || '%'
            </if>
        </if>
        <if test="@Ognl@isNotEmpty(startDt)">
            AND REG_DT &gt;= TO_DATE(#{startDt}, 'YYYYMMDDHH24MISS')
        </if>
        <if test="@Ognl@isNotEmpty(endDt)">
            AND REG_DT &lt;= TO_DATE(#{endDt}, 'YYYYMMDDHH24MISS')
        </if>
        
        <if test="@Ognl@isNotEmpty(useYn)">
            AND USE_YN = #{useYn}
        </if>
    </sql>
    
    <select id="list" resultType="busiBean" parameterType="map">
        SELECT Y.* FROM (
            SELECT ROWNUM NUM, X.* FROM (
                SELECT /*+ INDEX_DESC(FM_SVC_BUSI) */
                       BUSI_SEQ     AS busiSeq,
                       BUSI_NM      AS busiNm,
                       BUSI_NO      AS busiNo,
                       CHIEF_NM     AS chiefNm,
                       TEL_NUM      AS telNum,
                       USE_YN       AS useYn,
                       TO_CHAR(REG_DT, 'YYYY-MM-DD') AS regDt,
                       TO_CHAR(MODI_DT, 'YYYY-MM-DD') AS modiDt
                  FROM FM_SVC_BUSI
                 WHERE 1 = 1
                       <include refid="dynamicWhere" />
                ) X
            WHERE ROWNUM &lt;= #{pagingEndNum}
         ) Y
         WHERE NUM &gt;= #{pagingStartNum}
    </select>
    
    <select id="listCount" resultType="int" parameterType="map">
        SELECT COUNT(BUSI_SEQ) AS totalCount
          FROM FM_SVC_BUSI
         WHERE 1 = 1
               <include refid="dynamicWhere" />
    </select>
    
    <select id="listExcel" resultType="busiBean" parameterType="map">
        SELECT /*+ INDEX_DESC(FM_SVC_BUSI) */
               BUSI_SEQ     AS busiSeq,
               BUSI_NM      AS busiNm,
               BUSI_NO      AS busiNo,
               CHIEF_NM     AS chiefNm,
               TEL_NUM      AS telNum,
               USE_YN       AS useYn,
               TO_CHAR(REG_DT, 'YYYY-MM-DD') AS regDt,
               TO_CHAR(MODI_DT, 'YYYY-MM-DD') AS modiDt
          FROM FM_SVC_BUSI
         WHERE 1 = 1
               <include refid="dynamicWhere" />
    </select>
    
    <select id="view" resultType="busiBean" parameterType="busiBean">
        SELECT BUSI_SEQ     AS busiSeq,
               BUSI_NM      AS busiNm,
               BUSI_NO      AS busiNo,
               CHIEF_NM     AS chiefNm,
               EMAIL        AS email,
               TEL_NUM      AS telNum,
               FAX_NUM      AS faxNum,
               POST_CD      AS postCd,
               ADDR1        AS addr1,
               ADDR2        AS addr2,
               MAIN_OPER    AS mainOper,
               USE_YN       AS useYn,
               TO_CHAR(REG_DT, 'YYYY-MM-DD HH24:MI:SS') AS regDt,
               TO_CHAR(MODI_DT, 'YYYY-MM-DD HH24:MI:SS') AS modiDt
          FROM FM_SVC_BUSI
         WHERE BUSI_SEQ = #{busiSeq}
    </select>
    
    <insert id="insert" parameterType="busiBean">
        INSERT INTO FM_SVC_BUSI (
            BUSI_SEQ,       BUSI_NM,            BUSI_NO,        CHIEF_NM,       EMAIL,
            TEL_NUM,        FAX_NUM,            POST_CD,        ADDR1,          ADDR2,
            MAIN_OPER
        )
        VALUES (
            #{busiSeq},     #{busiNm},          #{busiNo},      #{chiefNm},     #{email},
            #{telNum},      #{faxNum},          #{postCd},          #{addr1},       #{addr2},
            #{mainOper}
        )
    </insert>
        
    <update id="update" parameterType="busiBean">
        UPDATE FM_SVC_BUSI SET
               <if test="@Ognl@isNotEmpty(busiNm)">
                   BUSI_NM  = #{busiNm},
               </if>
               <if test="@Ognl@isNotEmpty(busiNo)">
                   BUSI_NO  = #{busiNo},
               </if>
               <if test="@Ognl@isNotEmpty(useYn)">
                   USE_YN   = #{useYn},
               </if>
               CHIEF_NM     = #{chiefNm},
               EMAIL        = #{email},
               TEL_NUM      = #{telNum},
               FAX_NUM      = #{faxNum},
               POST_CD      = #{postCd},
               ADDR1        = #{addr1},
               ADDR2        = #{addr2},
               MAIN_OPER    = #{mainOper},
               MODI_DT      = SYSDATETIME
         WHERE BUSI_SEQ = #{busiSeq}
    </update>
    
    <delete id="delete" parameterType="busiBean">
        DELETE 
          FROM FM_SVC_BUSI
         WHERE 1 = 1
               <if test="@Ognl@isNotEmpty(busiSeqs)">
                   AND BUSI_SEQ IN 
                   <foreach collection="busiSeqs" index="index" open="(" close=")" separator=", " item="entry">
                       #{entry}
                   </foreach>
               </if>
    </delete>
    
    <select id="listAll" resultType="busiBean">
        SELECT A.BUSI_SEQ     AS busiSeq,
               A.BUSI_NM      AS busiNm
          FROM FM_SVC_BUSI A, FM_SVC_CTR_BUSI B
         WHERE A.BUSI_SEQ = B.BUSI_SEQ
           AND A.USE_YN = 'Y'
    </select>
    
</mapper>
