<?xml version="1.0" encoding="UTF-8" ?>
<!DOCTYPE mapper 
    PUBLIC "-//mybatis.org//DTD Mapper 3.0//EN" 
    "http://mybatis.org/dtd/mybatis-3-mapper.dtd">

<mapper namespace="_vocConf">

    <sql id="dynamicWhere">
         <if test="@Ognl@isNotEmpty(useYn)">
            AND USE_YN = #{useYn}
        </if>
        <if test="@Ognl@isNotEmpty(searchVal)">
            <if test="searchKey == 1000">
                AND VOC_NM LIKE '%' || #{searchVal} || '%'
            </if>
        </if>
        <if test="@Ognl@isNotEmpty(startDt)">
            AND REG_DT &gt;= TO_DATE(#{startDt}, 'YYYYMMDDHH24MISS')
        </if>
        <if test="@Ognl@isNotEmpty(endDt)">
            AND REG_DT &lt;= TO_DATE(#{endDt}, 'YYYYMMDDHH24MISS')
        </if>
    </sql>
    
    <sql id="dynamicSort">
        <if test="@Ognl@isNotEmpty(sortName)">
            ORDER BY
            <if test="sortName == 'vocNm'">VOC_NM</if>
            <if test="sortName == 'regDt'">REG_DT</if>
            ${sortOrder}
        </if>
    </sql>

    <select id="list" resultType="vocConfBean" parameterType="map">
        SELECT Y.* FROM (
            SELECT ROWNUM NUM, X.* FROM (
                SELECT /*+ INDEX_DESC(FM_VOC_CONF) */
                       VOC_CD       AS vocCd,
                       VOC_NM       AS vocNm,
                       DEAL_DAY_CNT AS dealDayCnt,
                       TIME_YN      AS timeYn,
                       CMT_YN       AS cmtYn,
                       IN_CMT_YN    AS inCmtYn,
                       OPEN_YN      AS openYn,
                       PRIVATE_YN   AS privateYn,
                       DEADLINE_YN  AS deadlineYn,
                       EXCEED_YN    AS exceedYn,
                       DEADLINE_CNT AS deadlineCnt,
                       EXCEED_CNT   AS exceedCnt,
                       WF_NAME      AS wfName,
                       USE_YN       AS useYn,
                       TO_CHAR(REG_DT, 'YYYY-MM-DD') AS regDt,
                       TO_CHAR(MODI_DT, 'YYYY-MM-DD') AS modiDt
                  FROM FM_VOC_CONF
                 WHERE 1 = 1
                       <include refid="dynamicWhere" />
                       <include refid="dynamicSort" />
                ) X
            WHERE ROWNUM &lt;= #{pagingEndNum}
         ) Y
         WHERE NUM &gt;= #{pagingStartNum}
    </select>
    
    <select id="listCount" resultType="int" parameterType="map">
        SELECT COUNT(VOC_CD) AS totalCount
          FROM FM_VOC_CONF
         WHERE 1 = 1
               <include refid="dynamicWhere" />
    </select>
    
    <select id="listExcel" resultType="vocConfBean" parameterType="map">
        SELECT /*+ INDEX_DESC(FM_VOC_CONF) */
               VOC_CD       AS vocCd,
               VOC_NM       AS vocNm,
               DEAL_DAY_CNT AS dealDayCnt,
               TIME_YN      AS timeYn,
               CMT_YN       AS cmtYn,
               IN_CMT_YN    AS inCmtYn,
               OPEN_YN      AS openYn,
               PRIVATE_YN   AS privateYn,
               DEADLINE_YN  AS deadlineYn,
               EXCEED_YN    AS exceedYn,
               DEADLINE_CNT AS deadlineCnt,
               EXCEED_CNT   AS exceedCnt,
               WF_NAME      AS wfName,
               USE_YN       AS useYn,
               TO_CHAR(REG_DT, 'YYYY-MM-DD') AS regDt,
               TO_CHAR(MODI_DT, 'YYYY-MM-DD') AS modiDt
          FROM FM_VOC_CONF
         WHERE 1 = 1
               <include refid="dynamicWhere" />
               <include refid="dynamicSort" />
    </select>
    
    <select id="view" resultType="vocConfBean" parameterType="vocConfBean">
        SELECT VOC_CD       AS vocCd,
               VOC_NM       AS vocNm,
               DEAL_DAY_CNT AS dealDayCnt,
               TIME_YN      AS timeYn,
               CMT_YN       AS cmtYn,
               IN_CMT_YN    AS inCmtYn,
               OPEN_YN      AS openYn,
               PRIVATE_YN   AS privateYn,
               DEADLINE_YN  AS deadlineYn,
               EXCEED_YN    AS exceedYn,
               DEADLINE_CNT AS deadlineCnt,
               EXCEED_CNT   AS exceedCnt,
               WF_NAME      AS wfName,
               USE_YN       AS useYn,
               TO_CHAR(REG_DT, 'YYYY-MM-DD HH24:MI:SS') AS regDt,
               TO_CHAR(MODI_DT, 'YYYY-MM-DD HH24:MI:SS') AS modiDt
          FROM FM_VOC_CONF
         WHERE VOC_CD = #{vocCd}
    </select>
    
    <insert id="insert" parameterType="vocConfBean">
        INSERT INTO FM_VOC_CONF (
            VOC_CD,         VOC_NM,          DEAL_DAY_CNT,      TIME_YN,
            OPEN_YN,        WF_NAME,         CMT_YN,            IN_CMT_YN,
            PRIVATE_YN,     DEADLINE_YN,     EXCEED_YN,         DEADLINE_CNT,
            EXCEED_CNT,     USE_YN
        )
        VALUES (
            #{vocCd},       #{vocNm},        #{dealDayCnt},     #{timeYn},
            #{openYn},      #{wfName},       #{cmtYn},          #{inCmtYn},
            #{privateYn},   #{deadlineYn},   #{exceedYn},       #{deadlineCnt},
            #{exceedCnt},   #{useYn}
        )
    </insert>
        
    <update id="update" parameterType="vocConfBean">
        UPDATE FM_VOC_CONF 
           SET
               VOC_NM       = #{vocNm},
               DEAL_DAY_CNT = #{dealDayCnt},
               TIME_YN      = #{timeYn},
               OPEN_YN      = #{openYn},
               CMT_YN       = #{cmtYn},
               IN_CMT_YN    = #{inCmtYn},
               PRIVATE_YN   = #{privateYn},
               DEADLINE_YN  = #{deadlineYn},
               EXCEED_YN    = #{exceedYn},
               DEADLINE_CNT = #{deadlineCnt},
               EXCEED_CNT   = #{exceedCnt},
               WF_NAME      = #{wfName},
               USE_YN       = #{useYn},
               MODI_DT = SYSDATE
         WHERE VOC_CD = #{vocCd}
    </update>
    
    <delete id="delete" parameterType="vocConfBean">
        DELETE 
          FROM FM_VOC_CONF
         WHERE 1 = 1
             <if test="@Ognl@isNotEmpty(vocCds)">
                 AND VOC_CD IN 
                 <foreach collection="vocCds" index="index" open="(" close=")" separator=", " item="entry">
                     #{entry}
                 </foreach>
             </if>
    </delete>
    
    
    <!-- FM_VOC_RECEIVER -->
    
    <select id="listVocReceiver" resultType="vocReceiverBean" parameterType="int">
        SELECT MGR_ID AS mgrId,
               FN_MGR_NM(MGR_ID) AS mgrNm,
               FN_DEPT_NM_BY_MGR(MGR_ID) AS deptNm
          FROM FM_VOC_RECEIVER
         WHERE VOC_CD = #{vocCd}
         ORDER BY ORDER_NO ASC
    </select>
    
    <insert id="inserVocReceiver" parameterType="vocReceiverBean">
        INSERT INTO FM_VOC_RECEIVER (
            VOC_CD,      MGR_ID,      ORDER_NO
        )
        VALUES  (
            #{vocCd},    #{mgrId},    #{orderNo}
        )
    </insert>
    
    <delete id="deleteVocReceiverAll" parameterType="int">
        DELETE 
          FROM FM_VOC_RECEIVER
         WHERE VOC_CD = #{vocCd}
    </delete>
    
</mapper>
