<?xml version="1.0" encoding="UTF-8" ?>
<!DOCTYPE mapper 
    PUBLIC "-//mybatis.org//DTD Mapper 3.0//EN" 
    "http://mybatis.org/dtd/mybatis-3-mapper.dtd">

<mapper namespace="_ctrInfo">

    <sql id="dynamicWhere">
        
        <if test="@Ognl@isNotEmpty(prjSeq)">
           AND B.PRJ_SEQ = #{prjSeq}
        </if>
        <if test="@Ognl@isNotEmpty(objSeq)">
           AND B.OBJ_SEQ = #{objSeq}
        </if>
        <if test="@Ognl@isNotEmpty(busiSeq)">
           AND B.BUSI_SEQ = #{busiSeq}
        </if>
        
        <if test="@Ognl@isNotEmpty(ctrSeq)">
           AND B.CTR_SEQ = #{ctrSeq}
        </if>
        <if test="@Ognl@isNotEmpty(orderNo)">
           AND B.ORDER_NO = #{orderNo}
        </if>
    </sql>

    <select id="svcCtrList" resultType="ctrBean" parameterType="ctrBean">
        SELECT /*+ INDEX_DESC(A) */
               A.CTR_SEQ      AS ctrSeq,
               A.ORDER_NO     AS orderNo,
               A.CTR_NM       AS ctrNm,
               TO_CHAR(TO_DATE(A.START_DD, 'YYYYMMDD'), 'YYYY-MM-DD')     AS startDd,
               TO_CHAR(TO_DATE(A.END_DD, 'YYYYMMDD'), 'YYYY-MM-DD')       AS endDd,
               TO_DATE(A.END_DD, 'YYYYMMDD') - TO_DATE(TO_CHAR(SYSDATE, 'YYYYMMDD'), 'YYYYMMDD') AS ingCnt,
               TO_CHAR(A.REG_DT, 'YYYY-MM-DD') AS regDt,
               TO_CHAR(A.MODI_DT, 'YYYY-MM-DD') AS modiDt
          FROM FM_SVC_CTR A,
               <if test="@Ognl@isNotEmpty(prjSeq)">
                   FM_SVC_CTR_PRJ B
               </if>
               <if test="@Ognl@isNotEmpty(objSeq)">
                   FM_SVC_CTR_OBJ B
               </if>
               <if test="@Ognl@isNotEmpty(busiSeq)">
                   FM_SVC_CTR_BUSI B
               </if>
         WHERE A.CTR_SEQ = B.CTR_SEQ
           AND A.ORDER_NO = B.ORDER_NO
               <include refid="dynamicWhere" />
         ORDER BY REG_DT DESC
    </select>
    
    <select id="svcCtrView" resultMap="_ctr.ctrMap" parameterType="ctrBean">
        SELECT A.CTR_SEQ      AS ctrSeq,
               A.ORDER_NO     AS orderNo,
               A.CTR_NM       AS ctrNm,
               TO_CHAR(TO_DATE(A.START_DD, 'YYYYMMDD'), 'YYYY-MM-DD')     AS startDd,
               TO_CHAR(TO_DATE(A.END_DD, 'YYYYMMDD'), 'YYYY-MM-DD')       AS endDd,
               TO_DATE(A.END_DD, 'YYYYMMDD') - TO_DATE(TO_CHAR(SYSDATE, 'YYYYMMDD'), 'YYYYMMDD') AS ingCnt,
               TO_CHAR(A.REG_DT, 'YYYY-MM-DD HH24:MI:SS') AS regDt,
               TO_CHAR(A.MODI_DT, 'YYYY-MM-DD HH24:MI:SS') AS modiDt
          FROM FM_SVC_CTR A,
               <if test="@Ognl@isNotEmpty(prjSeq)">
                   FM_SVC_CTR_PRJ B
               </if>
               <if test="@Ognl@isNotEmpty(objSeq)">
                   FM_SVC_CTR_OBJ B
               </if>
               <if test="@Ognl@isNotEmpty(busiSeq)">
                   FM_SVC_CTR_BUSI B
               </if>
         WHERE A.CTR_SEQ = B.CTR_SEQ
           AND A.ORDER_NO = B.ORDER_NO
           AND ROWNUM = 1
               <include refid="dynamicWhere" />
         ORDER BY REG_DT ASC
    </select>
    
</mapper>
