<?xml version="1.0" encoding="UTF-8" ?>
<!DOCTYPE mapper 
    PUBLIC "-//mybatis.org//DTD Mapper 3.0//EN" 
    "http://mybatis.org/dtd/mybatis-3-mapper.dtd">

<mapper namespace="_plan">

    <select id="list" resultType="planBean" parameterType="map">
        SELECT SEQ     AS seq,
               TITLE   AS title,
               MGR_ID  AS mgrId,
               TYPE_CD AS typeCd,
               FN_MGR_NM(MGR_ID) AS mgrNm,
               FN_PRV_NM(TYPE_CD, 'PLAN_TYPE') AS typeNm,
               TO_CHAR(TO_DATE(START_DD, 'YYYYMMDD'), 'YYYY-MM-DD') AS startDd,
               TO_CHAR(TO_DATE(END_DD, 'YYYYMMDD'), 'YYYY-MM-DD') AS endDd
          FROM CO_PLAN
         WHERE 1 = 1
           AND TO_DATE(START_DD, 'YYYYMMDD') &gt;= TO_DATE(#{startDd}, 'YYYYMMDD') - 10
           AND TO_DATE(END_DD, 'YYYYMMDD') &lt;= TO_DATE(#{endDd}, 'YYYYMMDD') + 10
         ORDER BY START_DD ASC
    </select>
    
    <select id="view" resultType="planBean" parameterType="planBean">
        SELECT SEQ AS seq,
               TITLE  AS title,
               PLAN_CONTENTS AS planContents,
               MGR_ID AS mgrId,
               TYPE_CD AS typeCd,
               FN_MGR_NM(MGR_ID) AS mgrNm,
               FN_PRV_NM(TYPE_CD, 'PLAN_TYPE') AS typeNm,
               TO_CHAR(TO_DATE(START_DD, 'YYYYMMDD'), 'YYYY-MM-DD') AS startDd,
               TO_CHAR(TO_DATE(END_DD, 'YYYYMMDD'), 'YYYY-MM-DD') AS endDd,
               TO_CHAR(REG_DT, 'YYYY-MM-DD HH24:MI:SS') AS regDt,
               TO_CHAR(MODI_DT, 'YYYY-MM-DD HH24:MI:SS') AS modiDt
          FROM CO_PLAN
         WHERE SEQ = #{seq}
    </select>
    
    <insert id="insert" parameterType="planBean">
        INSERT INTO CO_PLAN (
            SEQ,                MGR_ID,      TITLE,      TYPE_CD,       
            PLAN_CONTENTS,      START_DD,    END_DD
        )
        VALUES (
            #{seq},             #{mgrId},    #{title},   #{typeCd},      
            #{planContents},    #{startDd},  #{endDd}
        )
    </insert>
    
    <update id="update" parameterType="planBean">
        UPDATE CO_PLAN
           SET TITLE = #{title},
               PLAN_CONTENTS = #{planContents},
               TYPE_CD = #{typeCd}, 
               START_DD = #{startDd},
               END_DD = #{endDd},
               MODI_DT = SYSDATE
         WHERE SEQ = #{seq}
    </update>
    
    <delete id="delete" parameterType="planBean">
        DELETE FROM CO_PLAN
         WHERE SEQ = #{seq}
    </delete>
    
</mapper>
