<?xml version="1.0" encoding="UTF-8" ?>
<!DOCTYPE mapper 
    PUBLIC "-//mybatis.org//DTD Mapper 3.0//EN" 
    "http://mybatis.org/dtd/mybatis-3-mapper.dtd">

<mapper namespace="_vocCmt">
    
    <select id="list" resultType="vocCmtBean" parameterType="vocCmtBean">
        SELECT CMT_SEQ      AS cmtSeq,
               CMT_CONTENTS AS cmtContents,
               "DEPTH"        AS "depth",
               FILE_SEQ     AS fileSeq,
               MGR_ID       AS mgrId,
               FN_MGR_NM(MGR_ID) AS mgrNm,
               TO_CHAR(REG_DT, 'YYYY-MM-DD HH24:MI:SS') AS regDt,
               TO_CHAR(MODI_DT, 'YYYY-MM-DD HH24:MI:SS') AS modiDt
          FROM FM_VOC_COMMENT
         WHERE VOC_SEQ  = #{vocSeq}
         ORDER BY VOC_SEQ, REF_SEQ, ORDER_NO
    </select>
    
    <select id="view" resultType="vocCmtBean" parameterType="vocCmtBean">
        SELECT VOC_SEQ      AS vocSeq,
               CMT_SEQ      AS cmtSeq,
               REF_SEQ      AS refSeq,
               ORDER_NO     AS orderNo,
               "DEPTH"        AS "depth",
               CMT_CONTENTS AS cmtContents,
               MGR_ID       AS mgrId,
               FILE_SEQ     AS fileSeq,
               FN_MGR_NM(MGR_ID) AS mgrNm,
               TO_CHAR(REG_DT, 'YYYY-MM-DD HH24:MI:SS') AS regDt,
               TO_CHAR(MODI_DT, 'YYYY-MM-DD HH24:MI:SS') AS modiDt
          FROM FM_VOC_COMMENT A
         WHERE VOC_SEQ = #{vocSeq}
           AND CMT_SEQ = #{cmtSeq}
    </select>
    
    <insert id="insert" parameterType="vocCmtBean">
        <selectKey keyProperty="cmtSeq" resultType="int" order="BEFORE">
            SELECT NVL(MAX(CMT_SEQ), 0) + 1
              FROM FM_VOC_COMMENT
             WHERE VOC_SEQ = #{vocSeq}
        </selectKey>
        INSERT INTO FM_VOC_COMMENT (
               VOC_SEQ,      CMT_SEQ,         ORDER_NO,        REF_SEQ,         "DEPTH",
               MGR_ID,       CMT_CONTENTS,    FILE_SEQ
        )
        VALUES (
               #{vocSeq},    #{cmtSeq},       #{orderNo},      #{refSeq},       #{depth},
               #{mgrId},     #{cmtContents},  #{fileSeq}
        )
    </insert>
        
    <update id="update" parameterType="vocCmtBean">
        UPDATE FM_VOC_COMMENT 
           SET CMT_CONTENTS = #{cmtContents},
               <if test="@Ognl@isNotEmpty(fileSeq) and fileSeq != -1">
                   FILE_SEQ = #{fileSeq},
               </if>
               MODI_DT = SYSDATETIME
         WHERE VOC_SEQ = #{vocSeq}
           AND CMT_SEQ = #{cmtSeq}
    </update>
       
    <delete id="delete" parameterType="vocCmtBean">
        DELETE FROM FM_VOC_COMMENT
         WHERE VOC_SEQ = #{vocSeq}
           AND CMT_SEQ = #{cmtSeq}
    </delete>
    
    <update id="updateForDelete" parameterType="vocCmtBean">
        UPDATE FM_VOC_COMMENT 
           SET CMT_CONTENTS = '_DELETE_',
               FILE_SEQ = -1
         WHERE VOC_SEQ = #{vocSeq}
           AND CMT_SEQ = #{cmtSeq}
    </update>
    
    <select id="childCount" resultType="int" parameterType="vocCmtBean">
        SELECT COUNT(CMT_SEQ)
          FROM FM_VOC_COMMENT
         WHERE VOC_SEQ = #{vocSeq}
           AND REF_SEQ = #{refSeq}
           AND ORDER_NO = #{orderNo}
           AND "DEPTH" = #{depth}
    </select>
    
    <!-- Hierarchical COMMENT -->
     
    <select id="viewMinRefSeq" resultType="int" parameterType="vocCmtBean">
        SELECT NVL(MIN(REF_SEQ), 0)-1
          FROM FM_VOC_COMMENT
         WHERE VOC_SEQ  = #{vocSeq}
    </select>

    <select id="viewParent" resultType="vocCmtBean" parameterType="vocCmtBean">
        SELECT REF_SEQ   AS refSeq, 
               "DEPTH"     AS "depth", 
               ORDER_NO  AS orderNo
          FROM FM_VOC_COMMENT
         WHERE VOC_SEQ = #{vocSeq}
           AND CMT_SEQ = #{cmtSeq}
    </select>
    
    <select id="relativeList" resultType="vocCmtBean" parameterType="vocCmtBean">
        SELECT REF_SEQ   AS refSeq, 
               "DEPTH"     AS "depth", 
               ORDER_NO  AS orderNo
          FROM FM_VOC_COMMENT
         WHERE VOC_SEQ  = #{vocSeq}
           AND REF_SEQ  = #{refSeq}
           AND ORDER_NO &gt;= #{orderNo}
         ORDER BY ORDER_NO ASC
    </select>
    
    <update id="updateRelativeList">
        UPDATE FM_VOC_COMMENT
           SET ORDER_NO = ORDER_NO + 1
         WHERE VOC_SEQ  = #{vocSeq}
           AND REF_SEQ  = #{refSeq}
           AND ORDER_NO &gt;= #{orderNo}
    </update>
    
</mapper>
