<?xml version="1.0" encoding="UTF-8" ?>
<!DOCTYPE mapper 
    PUBLIC "-//mybatis.org//DTD Mapper 3.0//EN" 
    "http://mybatis.org/dtd/mybatis-3-mapper.dtd">

<mapper namespace="_vocAction">
    
    <!--
    ****[ 고객 VOC 수정 : USER_UPDATE ]******************************************
    -->

    <update id="updateVocForUserUpdate" parameterType="vocBean">
        UPDATE FM_VOC 
           SET <if test="@Ognl@isNotEmpty(title)">
               TITLE     = #{title},
               </if>
               <if test="@Ognl@isNotEmpty(question)">
               QUESTION  = #{question},
               </if>
               <if test="@Ognl@isNotEmpty(summary)">
               SUMMARY  = #{summary},
               </if>
               <if test="userFileSeq != -1">
               USER_FILE_SEQ = #{userFileSeq},
               </if>
               <if test="@Ognl@isNotEmpty(openYn)">
               OPEN_YN   = #{openYn},
               </if>
               <if test="@Ognl@isNotEmpty(alertCds)">
               ALERT_CDS = #{alertCds},
               </if>
               MODI_DT   = SYSDATE
         WHERE VOC_SEQ  = #{vocSeq}
    </update>
    
    <!--
    ****[ 고객 VOC 만족도 평가, 수정 : USER_SCORE, USER_SCORE_UPDATE ]*************
    -->

    <update id="updateVocForUserScore" parameterType="vocBean">
        UPDATE FM_VOC 
           SET SCORE_AVG  = #{scoreAvg},
               SCORE_DESC = #{scoreDesc},
               SCORE_YN   = 'Y'
         WHERE VOC_SEQ = #{vocSeq}
    </update>
    
    <!--
    ****[ 등록 : OFF_* ]********************************************************
    -->  
    
    <update id="updateRcvIdForOffInsert" parameterType="vocBean">
        UPDATE FM_VOC 
           SET RCV_ID   = #{rcvId}
         WHERE VOC_SEQ  = #{vocSeq}
    </update>
    
    <!--
    ****[ 접수 : RECEIVE ]********************************************************
    -->
    
    <update id="updateVocForReceive" parameterType="vocBean">
        UPDATE FM_VOC 
           SET USER_STATUS_CD = #{userStatusCd},
               MGR_STATUS_CD = #{mgrStatusCd},
               RCV_NO   = #{rcvNo},
               <if test="@Ognl@isNotEmpty(vocMemo)">
                   VOC_MEMO = #{vocMemo},
               </if>
               <if test="@Ognl@isNotEmpty(rcvMemo)">
                   RCV_MEMO = #{rcvMemo},
               </if>
               RCV_ID   = #{rcvId},
               RCV_DT   = TO_DATE(#{rcvDt}, 'YYYYMMDDHH24MISS'),
               TYPE_CD  = #{typeCd},
               CMPLN_CD = #{cmplnCd},
               CTG_CD1  = #{ctgCd1},
               CTG_CD2  = #{ctgCd2},
               CTG_CD3  = #{ctgCd3},
               MANY_YN  = #{manyYn},
               SANC_YN  = 'N',
               RPT_YN   = #{rptYn}
         WHERE VOC_SEQ  = #{vocSeq}
    </update>
    
    <update id="updateEntryExceptMe" parameterType="vocEntryBean">
        UPDATE FM_VOC_ENTRY 
           SET ACTIVATE = #{activate}
         WHERE VOC_SEQ = #{vocSeq}
           AND MGR_ID != #{mgrId}
           AND ACTIVATE != '2' <!-- WORKER가 아닌 ENTRY만 수정 -->
    </update>
    
    <!--
    ****[ 분배 : DIVIDE ]********************************************************
    -->
    
    <update id="updateVocForDivide" parameterType="vocBean">
        UPDATE FM_VOC 
           SET USER_STATUS_CD = #{userStatusCd},
               MGR_STATUS_CD = #{mgrStatusCd},
               <if test="@Ognl@isNotEmpty(rcvNo)">
                   RCV_NO = #{rcvNo},
               </if>
               <if test="@Ognl@isNotEmpty(rcvId)">
                   RCV_ID   = #{rcvId},
               </if>
               <if test="@Ognl@isNotEmpty(rcvDt)">
                   RCV_DT   = TO_DATE(#{rcvDt}, 'YYYYMMDDHH24MISS'),
               </if>
               <if test="@Ognl@isNotEmpty(vocMemo)">
                   VOC_MEMO = #{vocMemo},
               </if>
               <if test="@Ognl@isNotEmpty(rcvMemo)">
                   RCV_MEMO = #{rcvMemo},
               </if>
               DIV_DT   = TO_DATE(#{divDt}, 'YYYYMMDDHH24MISS'),
               LMT_DT   = TO_DATE(#{lmtDt}, 'YYYYMMDDHH24MISS'),
               KIND_CD  = #{kindCd},
               TYPE_CD  = #{typeCd},
               CMPLN_CD = #{cmplnCd},
               CTG_CD1  = #{ctgCd1},
               CTG_CD2  = #{ctgCd2},
               CTG_CD3  = #{ctgCd3},
               MANY_YN  = #{manyYn},
               SANC_YN  = 'N',
               RPT_YN   = #{rptYn}
         WHERE VOC_SEQ  = #{vocSeq}
    </update>
    
    <!--
    ****[ 재분배 : REDIVIDE ]********************************************************
    -->
    
    <update id="updateVocForReDivide" parameterType="vocBean">
        UPDATE FM_VOC 
           SET MGR_STATUS_CD = #{mgrStatusCd},
               SANC_YN  = 'N'
         WHERE VOC_SEQ  = #{vocSeq}
    </update>
    
    <!--
    ****[ 처리자 직접지정 : DIRECT_ASSIGN ]*************************************************
    -->
    
    <update id="updateVocForDirectAssign" parameterType="vocBean">
        UPDATE FM_VOC 
           SET USER_STATUS_CD = #{userStatusCd},
               MGR_STATUS_CD = #{mgrStatusCd},
               <if test="@Ognl@isNotEmpty(rcvNo)">
                   RCV_NO = #{rcvNo},
               </if>
               <if test="@Ognl@isNotEmpty(rcvId)">
                   RCV_ID   = #{rcvId},
               </if>
               <if test="@Ognl@isNotEmpty(rcvDt)">
                   RCV_DT   = TO_DATE(#{rcvDt}, 'YYYYMMDDHH24MISS'),
               </if>
               <if test="@Ognl@isNotEmpty(vocMemo)">
                   VOC_MEMO = #{vocMemo},
               </if>
               <if test="@Ognl@isNotEmpty(rcvMemo)">
                   RCV_MEMO = #{rcvMemo},
               </if>
               DIV_DT   = TO_DATE(#{divDt}, 'YYYYMMDDHH24MISS'),
               ASN_DT   = TO_DATE(#{asnDt}, 'YYYYMMDDHH24MISS'),
               LMT_DT   = TO_DATE(#{lmtDt}, 'YYYYMMDDHH24MISS'),
               KIND_CD  = #{kindCd},
               TYPE_CD  = #{typeCd},
               CMPLN_CD = #{cmplnCd},
               CTG_CD1  = #{ctgCd1},
               CTG_CD2  = #{ctgCd2},
               CTG_CD3  = #{ctgCd3},
               MANY_YN  = #{manyYn},
               SANC_YN  = 'N',
               RPT_YN   = #{rptYn}
         WHERE VOC_SEQ  = #{vocSeq}
    </update>
    
    <!--
    ****[ 직접처리 : DIRECT_DEAL ]********************************************************
    -->
    
    <update id="updateVocForDirectDeal" parameterType="vocBean">
        UPDATE FM_VOC 
           SET USER_STATUS_CD = #{userStatusCd},
               MGR_STATUS_CD = #{mgrStatusCd},
               <if test="@Ognl@isNotEmpty(mgrFileSeq) and mgrFileSeq != -1">
                   MGR_FILE_SEQ = #{mgrFileSeq},
               </if>
               <if test="@Ognl@isNotEmpty(rcvNo)">
                   RCV_NO = #{rcvNo},
               </if>
               <if test="@Ognl@isNotEmpty(rcvId)">
                   RCV_ID   = #{rcvId},
               </if>
               <if test="@Ognl@isNotEmpty(rcvDt)">
                   RCV_DT   = TO_DATE(#{rcvDt}, 'YYYYMMDDHH24MISS'),
               </if>
               <if test="@Ognl@isNotEmpty(vocMemo)">
                   VOC_MEMO = #{vocMemo},
               </if>
               DIV_DT   = TO_DATE(#{divDt}, 'YYYYMMDDHH24MISS'),
               ASN_DT   = TO_DATE(#{asnDt}, 'YYYYMMDDHH24MISS'),
               LMT_DT   = TO_DATE(#{lmtDt}, 'YYYYMMDDHH24MISS'),
               END_DT   = TO_DATE(#{endDt}, 'YYYYMMDDHH24MISS'),
               SANC_YN  = 'N',
               KIND_CD  = #{kindCd},
               TYPE_CD  = #{typeCd},
               CMPLN_CD = #{cmplnCd},
               CTG_CD1  = #{ctgCd1},
               CTG_CD2  = #{ctgCd2},
               CTG_CD3  = #{ctgCd3},
               END_CD   = #{endCd},
               END_CNT  = #{endCnt},
               MANY_YN  = #{manyYn},
               RPT_YN   = #{rptYn},
               REPLY    = #{reply}
         WHERE VOC_SEQ  = #{vocSeq}
    </update>
    
    <update id="updateEntryForDirectDeal" parameterType="vocEntryBean">
        UPDATE FM_VOC_ENTRY 
           SET ACTIVATE = #{activate}
         WHERE VOC_SEQ = #{vocSeq}
           AND ACTIVATE != '2' <!-- RELATIVE가 아닌 ENTRY만 수정 -->
    </update>
    
    <!--
    ****[ 이첩 : TRANSFER ]********************************************************
    -->
    
    <update id="updateVocForTransfer" parameterType="vocBean">
        UPDATE FM_VOC 
           SET VOC_CD   = #{vocCd},
               USER_STATUS_CD = #{userStatusCd},
               MGR_STATUS_CD = #{mgrStatusCd},
               RCV_MEMO = '',
               RCV_ID   = '',
               RCV_DT   = '',
               DIV_DT   = '',
               ASN_DT   = '',
               END_DT   = '',
               SANC_YN  = 'N',
               MANY_YN  = 'N',
               RPT_YN   = 'N',
               KIND_CD  = '',
               TYPE_CD  = '',
               CMPLN_CD = '',
               CTG_CD1  = '',
               CTG_CD2  = '',
               CTG_CD3  = '',
               END_CD   = '',
               END_CNT  = -1,
               REPLY    = ''
         WHERE VOC_SEQ  = #{vocSeq}
    </update>
    
    <update id="updateDivForTransfer" parameterType="vocDivBean">
        UPDATE FM_VOC_DIV 
           SET MGR_STATUS_CD = #{mgrStatusCd},
               DEPT_CD  = '',
               MGR_ID   = '',
               FILE_SEQ = -1,
               DIV_DT   = '',
               ASN_DT   = '',
               RPL_DT   = '',
               END_DT   = '',
               SNBK_REQ_DT = '',
               END_CNT  = -1,
               REPLY    = ''
         WHERE VOC_SEQ = #{vocSeq}
           AND ORDER_NO = #{orderNo}
    </update>
    
    <!--
    ****[ 삭제 : TRASH ]********************************************************
    -->
    
    <update id="updateVocForTrash" parameterType="int">
        UPDATE FM_VOC 
           SET DEL_YN  = 'Y',
               KIND_CD = '',
               TYPE_CD = '',
               SANC_YN = 'N'
         WHERE VOC_SEQ = #{vocSeq}
    </update>
    
    <insert id="insertDelForTrash" parameterType="vocTrashBean">
        INSERT INTO FM_VOC_DEL (
            VOC_SEQ,        DEL_CD,         DEL_DESC
        )
        VALUES (
            #{vocSeq},      #{delCd},       #{delDesc}
        )
    </insert>
    
    <!--
    ****[ 회수 : RECOVERY ]********************************************************
    -->
    
    <update id="updateVocForRecovery" parameterType="vocBean">
        UPDATE FM_VOC 
           SET MGR_STATUS_CD = #{mgrStatusCd},
               KIND_CD  = '',
               DIV_DT   = '',
               ASN_DT   = '',
               LMT_DT   = '',
               END_DT   = '',
               SANC_YN  = 'N',
               END_CD   = '',
               END_CNT  = -1
         WHERE VOC_SEQ  = #{vocSeq}
    </update>
    
    <update id="updateDivForRecovery" parameterType="vocDivBean">
        UPDATE FM_VOC_DIV 
           SET MGR_STATUS_CD = #{mgrStatusCd},
               DEPT_CD  = '',
               MGR_ID   = '',
               FILE_SEQ = -1,
               DIV_DT   = '',
               ASN_DT   = '',
               RPL_DT   = '',
               END_DT   = '',
               SNBK_REQ_DT = '',
               EXT_REQ_DT  = '',
               END_CNT  = -1,
               REPLY    = ''
         WHERE VOC_SEQ = #{vocSeq}
           AND ORDER_NO = #{orderNo}
    </update>
    
    <delete id="deleteDivForRecovery" parameterType="vocDivBean">
        DELETE 
          FROM FM_VOC_DIV
         WHERE VOC_SEQ = #{vocSeq}
           AND ORDER_NO &gt; 1
    </delete>
    
    
    <!--
    ****[ 기한연장 요청 : EXTENSION_REQ ]********************************************************
    -->
    
    <delete id="deleteVocExtDt" parameterType="int">
        DELETE FROM FM_VOC_EXTDT
         WHERE VOC_SEQ = #{vocSeq}
    </delete>
    
    <update id="insertVocExtDt" parameterType="vocExtDtBean">
        INSERT INTO FM_VOC_EXTDT (
            VOC_SEQ,    MGR_ID,     EXT_DT,     EXT_REASON
        )
        VALUES (
            #{vocSeq},  #{mgrId},   TO_DATE(#{extDt}, 'YYYYMMDDHH24MISS'),   #{extReason}
        )
    </update>
    
    <update id="updateVocDivForExtensionReq" parameterType="vocDivBean">
        UPDATE FM_VOC_DIV
           SET EXT_REQ_DT = TO_DATE(#{extReqDt}, 'YYYYMMDDHH24MISS')
         WHERE VOC_SEQ = #{vocSeq}
           AND ORDER_NO = #{orderNo} 
    </update>
    
    <!--
    ****[ 기한연장 : EXTENSION ]********************************************************
    -->
    
    <update id="updateVocForExtension" parameterType="vocBean">
        UPDATE FM_VOC 
           SET LMT_DT  = TO_DATE(#{lmtDt}, 'YYYYMMDDHH24MISS'),
               EXT_CNT = EXT_CNT + 1
         WHERE VOC_SEQ = #{vocSeq}
    </update>

    <update id="updateVocDivForExtension" parameterType="vocDivBean">
        UPDATE FM_VOC_DIV
           SET EXT_REQ_DT = ''
         WHERE VOC_SEQ = #{vocSeq}
           AND ORDER_NO = #{orderNo}
    </update>
    
    <!--
    ****[ 처리자 지정 : ASSIGN ]*************************************************
    -->
    
    <update id="updateVocForAssign" parameterType="vocBean">
        UPDATE FM_VOC 
           SET USER_STATUS_CD = #{userStatusCd},
               MGR_STATUS_CD = #{mgrStatusCd},
               ASN_DT   = TO_DATE(#{asnDt}, 'YYYYMMDDHH24MISS'),
               TYPE_CD  = #{typeCd},
               CMPLN_CD = #{cmplnCd},
               CTG_CD1  = #{ctgCd1},
               CTG_CD2  = #{ctgCd2},
               CTG_CD3  = #{ctgCd3},
               MANY_YN  = #{manyYn},
               RPT_YN   = #{rptYn},
               SANC_YN  = 'N'
         WHERE VOC_SEQ  = #{vocSeq}
    </update>
    
    <!--
    ****[ 처리 : DEAL ]*************************************************
    -->

    <update id="updateVocForDeal" parameterType="vocBean">
        UPDATE FM_VOC 
           SET USER_STATUS_CD = #{userStatusCd},
               MGR_STATUS_CD = #{mgrStatusCd},
               <if test="@Ognl@isNotEmpty(mgrFileSeq) and mgrFileSeq != -1">
                   MGR_FILE_SEQ = #{mgrFileSeq},
               </if>
               <if test="@Ognl@isNotEmpty(asnDt)">
                   ASN_DT = TO_DATE(#{asnDt}, 'YYYYMMDDHH24MISS'),
               </if>
               <if test="@Ognl@isNotEmpty(reporterId)">
                   REPORTER_ID = #{reporterId},
               </if>
               END_DT   = TO_DATE(#{endDt}, 'YYYYMMDDHH24MISS'),
               END_CNT  = #{endCnt},
               TYPE_CD  = #{typeCd},
               CMPLN_CD = #{cmplnCd},
               CTG_CD1  = #{ctgCd1},
               CTG_CD2  = #{ctgCd2},
               CTG_CD3  = #{ctgCd3},
               END_CD   = #{endCd},
               SANC_YN  = #{sancYn},
               MANY_YN  = #{manyYn},
               RPT_YN   = #{rptYn},
               REPLY    = #{reply}
         WHERE VOC_SEQ  = #{vocSeq}
    </update>
    
    <!--
    ****[ 전달 : MOVE ]*************************************************
    -->
    
    <update id="updateVocForMove" parameterType="vocBean">
        UPDATE FM_VOC 
           SET MGR_STATUS_CD = #{mgrStatusCd},
               SANC_YN = 'N',
               DIV_DT  = TO_DATE(#{divDt}, 'YYYYMMDDHH24MISS'),
               ASN_DT  = ''
         WHERE VOC_SEQ  = #{vocSeq}
    </update>
    
    <update id="updateDivForMove" parameterType="vocDivBean">
        UPDATE FM_VOC_DIV 
           SET MGR_STATUS_CD = #{mgrStatusCd},
               DEPT_CD = #{deptCd},
               MGR_ID  = #{mgrId},
               DIV_DT  = TO_DATE(#{divDt}, 'YYYYMMDDHH24MISS'),
               ASN_DT  = TO_DATE(#{asnDt}, 'YYYYMMDDHH24MISS')
         WHERE VOC_SEQ = #{vocSeq}
           AND ORDER_NO = #{orderNo}
    </update>
    
    <!--
    ****[ 반송 : SEND_BACK ]*************************************************
    -->
    
    <update id="updateVocForSendBackToReceiver" parameterType="vocBean">
        UPDATE FM_VOC 
           SET MGR_STATUS_CD = #{mgrStatusCd},
               DIV_DT  = '',
               ASN_DT  = '',
               SANC_YN = 'N',
               SNBK_CNT = SNBK_CNT + 1
         WHERE VOC_SEQ  = #{vocSeq}
    </update>

    <update id="updateVocForSendBackToDivider" parameterType="vocBean">
        UPDATE FM_VOC 
           SET MGR_STATUS_CD = #{mgrStatusCd},
               ASN_DT  = '',
               SANC_YN = 'N',
               SNBK_CNT = SNBK_CNT + 1
         WHERE VOC_SEQ  = #{vocSeq}
    </update>
    
    <update id="updateDivForSendBack" parameterType="vocDivBean">
        UPDATE FM_VOC_DIV 
           SET MGR_STATUS_CD = #{mgrStatusCd},
               MGR_ID  = '',
               DIV_DT  = TO_DATE(#{divDt}, 'YYYYMMDDHH24MISS'),
               ASN_DT  = '',
               SNBK_REQ_DT = TO_DATE(#{snbkReqDt}, 'YYYYMMDDHH24MISS')
         WHERE VOC_SEQ = #{vocSeq}
           AND ORDER_NO = #{orderNo}
    </update>
    
    <!--
    ****[ 결재승인 : SANC_APPROVE ]*************************************************
    -->
    
    <!-- 최종 결재 순번 얻기 -->
    <select id="viewLastOrderNoForSanc" resultType="int" parameterType="map">
        SELECT MAX(ORDER_NO)
          FROM FM_VOC_SANC
         WHERE VOC_SEQ = #{vocSeq}
    </select>
    
    <!-- 내 결재 순번 얻기 -->
    <select id="viewMyOrderNoForSanc" resultType="int" parameterType="map">
        SELECT ORDER_NO
          FROM FM_VOC_SANC
         WHERE VOC_SEQ = #{vocSeq}
           AND MGR_ID = #{mgrId}
    </select>
    
    <update id="updateVocForLastSanc" parameterType="vocBean">
        UPDATE FM_VOC 
           SET USER_STATUS_CD = #{userStatusCd},
               MGR_STATUS_CD = #{mgrStatusCd},
               END_DT   = TO_DATE(#{endDt}, 'YYYYMMDDHH24MISS'),
               END_CNT  = #{endCnt}
         WHERE VOC_SEQ  = #{vocSeq}
    </update>
    
    <!--
    ****[ 결재반려 : SANC_DENY ]*************************************************
    -->
    
    <update id="updateVocForSancDeny" parameterType="vocBean">
        UPDATE FM_VOC 
           SET MGR_STATUS_CD = #{mgrStatusCd},
               SANC_YN  = #{sancYn},
               END_CNT  = -1,
               END_DT   = ''
         WHERE VOC_SEQ  = #{vocSeq}
    </update>
    
    <!--
    ****[ 결재취소 : SANC_CANCEL ]*************************************************
    -->
    
    <update id="updateVocForSancCancel" parameterType="vocBean">
        UPDATE FM_VOC 
           SET MGR_STATUS_CD = #{mgrStatusCd},
               SANC_YN  = #{sancYn},
               END_CNT  = -1,
               END_DT   = ''
         WHERE VOC_SEQ  = #{vocSeq}
    </update>
    
    <!--
    ****[ 답변내용 수정 : UPDATE_REPLY ]*************************************************
    -->
    
    <update id="updateVocForReply" parameterType="vocBean">
        UPDATE FM_VOC 
           SET REPLY = #{reply}
         WHERE VOC_SEQ = #{vocSeq}
    </update>
    
    
    <!--
    ****[ 공용 ]********************************************************
    -->
    
    <!-- FM_VOC_ENTRY -->

    <insert id="insertEntry" parameterType="vocEntryBean">
        MERGE INTO FM_VOC_ENTRY
        USING DUAL
            ON (VOC_SEQ = #{vocSeq} AND MGR_ID = #{mgrId} AND AUTH_CD  = #{authCd})
        WHEN MATCHED THEN
            UPDATE SET
                ACTIVATE = #{activate}
        WHEN NOT MATCHED THEN
            INSERT (
                VOC_SEQ,     MGR_ID,      DEPT_CD,
                AUTH_CD,     ACTIVATE,    ORDER_NO
            )
            VALUES (
                #{vocSeq},   #{mgrId},
                (SELECT DEPT_CD FROM CO_MGR WHERE MGR_ID = #{mgrId}),
                #{authCd},   #{activate},
                (SELECT NVL(MAX(ORDER_NO), 0) + 1
                   FROM FM_VOC_ENTRY
                  WHERE VOC_SEQ = #{vocSeq})
            )
        <!-- 
        INSERT INTO FM_VOC_ENTRY (
            VOC_SEQ,     MGR_ID,      DEPT_CD,
            AUTH_CD,     ACTIVATE,    ORDER_NO
        )
        VALUES (
            #{vocSeq},   #{mgrId},
            (SELECT DEPT_CD FROM CO_MGR WHERE MGR_ID = #{mgrId}),
            #{authCd},   #{activate},
            (SELECT NVL(MAX(ORDER_NO), 0) + 1
               FROM FM_VOC_ENTRY
              WHERE VOC_SEQ = #{vocSeq})
        ) -->
    </insert>
    
    <delete id="deleteEntry" parameterType="vocEntryBean">
        DELETE 
          FROM FM_VOC_ENTRY
         WHERE VOC_SEQ = #{vocSeq}
           <if test="@Ognl@isNotEmpty(deptCd)">
               AND DEPT_CD = #{deptCd}
           </if>
           <if test="@Ognl@isNotEmpty(mgrId)">
               AND MGR_ID  = #{mgrId}
           </if>
           <if test="@Ognl@isNotEmpty(authCd)">
               AND AUTH_CD  = #{authCd}
           </if>
    </delete>
    
    <delete id="deleteAllEntry" parameterType="int">
        DELETE 
          FROM FM_VOC_ENTRY
         WHERE VOC_SEQ = #{vocSeq}
    </delete>
    
    <update id="updateEntry" parameterType="vocEntryBean">
        UPDATE FM_VOC_ENTRY 
           SET ACTIVATE = #{activate}
         WHERE VOC_SEQ = #{vocSeq}
           AND MGR_ID = #{mgrId}
           <if test="@Ognl@isNotEmpty(authCd)">
               AND AUTH_CD = #{authCd}
           </if>
           AND ACTIVATE != '2' <!-- RELATIVE가 아닌 ENTRY만 수정 -->
    </update>
    
    <update id="updateEntryForce" parameterType="vocEntryBean">
        UPDATE FM_VOC_ENTRY 
           SET ACTIVATE = #{activate}
         WHERE VOC_SEQ = #{vocSeq}
           AND MGR_ID = #{mgrId}
           <if test="@Ognl@isNotEmpty(authCd)">
               AND AUTH_CD = #{authCd}
           </if>
    </update>
    
    <!-- 기한연장 요청 상태에서 처리완료 시 접수자 ENTRY 초기화 -->
    <update id="updateEntryForReceiver" parameterType="vocEntryBean">
        UPDATE FM_VOC_ENTRY 
           SET ACTIVATE = #{activate}
         WHERE VOC_SEQ = #{vocSeq}
           AND AUTH_CD = #{authCd}
           AND ACTIVATE = '1'
    </update>
    
    <!-- FM_VOC_DIV -->
    
    <insert id="insertDiv" parameterType="vocDivBean">
        INSERT INTO FM_VOC_DIV (
            VOC_SEQ,        ORDER_NO,        MGR_STATUS_CD,    MASTER_YN,      
            WF_ID,          DEPT_CD,         MGR_ID,           DIV_DT,
            ASN_DT,         RPL_DT,          END_DT,           END_CNT
        )
        VALUES (
            #{vocSeq},       
            (SELECT NVL(MAX(ORDER_NO), 0) + 1
               FROM FM_VOC_DIV
              WHERE VOC_SEQ = #{vocSeq}),    #{mgrStatusCd},   #{masterYn},
            #{wfId},        #{deptCd},       #{mgrId},
            TO_DATE(#{divDt}, 'YYYYMMDDHH24MISS'),
            TO_DATE(#{asnDt}, 'YYYYMMDDHH24MISS'),
            TO_DATE(#{rplDt}, 'YYYYMMDDHH24MISS'),
            TO_DATE(#{endDt}, 'YYYYMMDDHH24MISS'),
            #{endCnt}
        )
    </insert>
    
    <update id="updateDiv" parameterType="vocDivBean">
        UPDATE FM_VOC_DIV 
           SET MGR_STATUS_CD = #{mgrStatusCd},
               <if test="@Ognl@isNotEmpty(deptCd)">
                   DEPT_CD = #{deptCd},
               </if>
               <if test="@Ognl@isNotEmpty(mgrId)">
                   MGR_ID  = #{mgrId},
               </if>
               <if test="@Ognl@isNotEmpty(divDt)">
                   DIV_DT  = TO_DATE(#{divDt}, 'YYYYMMDDHH24MISS'),
               </if>
               <if test="@Ognl@isNotEmpty(asnDt)">
                   ASN_DT  = TO_DATE(#{asnDt}, 'YYYYMMDDHH24MISS'),
               </if>
               <if test="@Ognl@isNotEmpty(rplDt)">
                   RPL_DT  = TO_DATE(#{rplDt}, 'YYYYMMDDHH24MISS'),
               </if>
               <if test="@Ognl@isNotEmpty(endDt)">
                   END_DT  = TO_DATE(#{endDt}, 'YYYYMMDDHH24MISS'),
               </if>
               <if test="@Ognl@isNotEmpty(endCnt) and endCnt != -1">
                   END_CNT = #{endCnt},
               </if>
               <if test='snbkReqDt == "-1"'>
                   SNBK_REQ_DT = '',
               </if>
               <if test='extReqDt == "-1"'>
                   EXT_REQ_DT = '',
               </if>
               <if test="@Ognl@isNotEmpty(reply)">
                   REPLY   = #{reply},
               </if>
               <if test="@Ognl@isNotEmpty(fileSeq) and fileSeq != -1">
                   FILE_SEQ = #{fileSeq},
               </if>
               ORDER_NO = ORDER_NO
         WHERE VOC_SEQ = #{vocSeq}
           AND ORDER_NO = #{orderNo}
    </update>
    
    <delete id="deleteDiv" parameterType="vocDivBean">
        DELETE 
          FROM FM_VOC_DIV
         WHERE VOC_SEQ = #{vocSeq}
           AND ORDER_NO = #{orderNo}
    </delete>
    
    <delete id="deleteAllDiv" parameterType="int">
        DELETE 
          FROM FM_VOC_DIV
         WHERE VOC_SEQ = #{vocSeq}
    </delete>
    
    <!-- FM_VOC_SANC -->

    <insert id="insertSanc" parameterType="vocSancBean">
        INSERT INTO FM_VOC_SANC (
            VOC_SEQ,        ORDER_NO,        MGR_ID,     STATUS_NM
        )
        VALUES (
            #{vocSeq},       
            (SELECT NVL(MAX(ORDER_NO), 0) + 1
               FROM FM_VOC_SANC
              WHERE VOC_SEQ = #{vocSeq}),
            #{mgrId},
            #{statusNm}
        )
    </insert>
    
    <update id="updateSanc" parameterType="vocSancBean">
        UPDATE FM_VOC_SANC 
           SET STATUS_NM = #{statusNm},
               <if test="@Ognl@isNotEmpty(sancDt)">
                   SANC_DT  = TO_DATE(#{sancDt}, 'YYYYMMDDHH24MISS'),
               </if>
               ORDER_NO = ORDER_NO
         WHERE VOC_SEQ = #{vocSeq}
           AND ORDER_NO = #{orderNo}
    </update>
    
    <delete id="deleteAllSanc" parameterType="int">
        DELETE 
          FROM FM_VOC_SANC
         WHERE VOC_SEQ = #{vocSeq}
    </delete>
    
    
    <!-- FM_VOC_SANC_STORE -->

    <select id="countSancStore" resultType="int" parameterType="map">
        SELECT COUNT(MGR_ID)
          FROM FM_VOC_SANC_STORE
         WHERE MGR_ID = #{mgrId}
           AND SANC_LINE = #{sancLine}
    </select>
    
    <insert id="insertSancStore" parameterType="map">
        INSERT INTO FM_VOC_SANC_STORE (
            MGR_ID,     SANC_LINE
        )
        VALUES (
            #{mgrId},   #{sancLine}
        )
    </insert>
    
</mapper>
