<?xml version="1.0" encoding="UTF-8" ?>
<!DOCTYPE mapper 
    PUBLIC "-//mybatis.org//DTD Mapper 3.0//EN" 
    "http://mybatis.org/dtd/mybatis-3-mapper.dtd">

<mapper namespace="_vocSupport">
    
    <!-- 특정권한을 보유한 부서 목록 로드 -->
    <select id="listDept" resultType="deptBean" parameterType="map">
        SELECT A.DEPT_CD  AS id,
               A.DEPT_NM  AS text,
               DECODE(
                  (SELECT COUNT(DEPT_CD) 
                     FROM CO_DEPT 
                    WHERE HIGH_DEPT_CD = A.DEPT_CD), 0, 'true', 'false') AS leaf,
               DECODE(
                   (SELECT COUNT(MGR_ID)
                      FROM CO_AUTH_ASSIGN B
                     WHERE B.AUTH_CD = #{authCd}
                       AND A.DEPT_CD = (SELECT DEPT_CD FROM CO_MGR WHERE MGR_ID = B.MGR_ID)), 0, 'true', 'false') AS disabled
          FROM CO_DEPT A
         WHERE A.USE_YN = 'Y'
           AND A.DEPT_CD != #{topDeptCd}
           AND A.HIGH_DEPT_CD = #{highDeptCd}
         ORDER BY A.ORDER_NO ASC
    </select>
    
    <!-- 특정권한을 보유한 부서 전체 목록 로드 (JSON) -->
    <select id="listDeptAllJSON" resultType="string" parameterType="map"><![CDATA[
        SELECT 
            CASE 
                WHEN LVL = 1 AND RNUM = 1 THEN '{'
                WHEN LVL - LAG(LVL) OVER (ORDER BY RNUM) = 1 THEN ',"children" : [{' 
                ELSE ', {' 
            END 
            || FULL_ATTR || ', "leaf": ' || LEAF || ', "disabled": ' || DISABLED || 
            CASE WHEN LEAD(LVL, 1, 1) OVER (ORDER BY RNUM) - LVL <= 0 THEN
                      '}' || RPAD( ' ', 1+ (-2 * (LEAD(LVL, 1, 1) OVER (ORDER BY RNUM) - LVL)), ']}' )
                 ELSE '' 
            END AS JSON_SNIPPET
          FROM (
            SELECT ROWNUM   AS RNUM,
                   '"id": "' || A.DEPT_CD || '", "text": "' || A.DEPT_NM || '"' AS FULL_ATTR,
                   DECODE(
                      (SELECT COUNT(DEPT_CD) 
                         FROM CO_DEPT 
                        WHERE HIGH_DEPT_CD = A.DEPT_CD AND USE_YN = 'Y'), 0, 'true', 'false') AS LEAF,
                   DECODE(
                       (SELECT COUNT(MGR_ID)
                          FROM CO_AUTH_ASSIGN B
]]>
                            <where>
                                <if test="@Ognl@isNotEmpty(authCd)">
                                    AND B.AUTH_CD = #{authCd}
                                </if>
                                AND A.DEPT_CD = (SELECT DEPT_CD FROM CO_MGR WHERE MGR_ID = B.MGR_ID)), 0, 'true', 'false') AS DISABLED,
                            </where> 
<![CDATA[ 
                   LEVEL    AS LVL
              FROM CO_DEPT A
             WHERE A.USE_YN = 'Y'
             START WITH A.HIGH_DEPT_CD = #{topDeptCd}
                    AND A.USE_YN = 'Y'
           CONNECT BY PRIOR A.DEPT_CD = A.HIGH_DEPT_CD
             ORDER SIBLINGS BY A.ORDER_NO
        )
         ORDER BY RNUM
    ]]></select>
    
    <!-- 특정 부서의 특정권한 보유 직원 목록 로드 -->
    <select id="listMgr" resultType="mgrBean" parameterType="mgrBean">
        SELECT A.MGR_ID    AS mgrId,
               A.MGR_NM    AS mgrNm,
               B.DEPT_CD   AS deptCd,
               B.DEPT_NM   AS deptNm,
               A.MOBILE    AS mobile,
               A.EMAIL     AS email,
               A.ALIM_YN   AS alimYn,
               A.EMAIL_YN  AS emailYn,
               A.SMS_YN    AS smsYn
          FROM CO_MGR A, CO_DEPT B, CO_AUTH_ASSIGN C
         WHERE A.USE_YN  = 'Y'
           AND A.DEPT_CD = B.DEPT_CD
           AND A.MGR_ID  = C.MGR_ID
           <if test="@Ognl@isNotEmpty(deptCd)">
               AND A.DEPT_CD = #{deptCd}
           </if>
           <if test="@Ognl@isNotEmpty(connId)">
               AND A.DEPT_CD = (SELECT DEPT_CD FROM CO_MGR WHERE MGR_ID = #{connId})
           </if>
           <if test="@Ognl@isNotEmpty(authCd)">
               AND C.AUTH_CD = #{authCd}
           </if>
           <if test="@Ognl@isNotEmpty(mgrId)">
               AND A.MGR_ID != #{mgrId}
           </if>
           <if test="@Ognl@isNotEmpty(mgrNm)">
               AND A.MGR_NM LIKE '%' || #{mgrNm} || '%'
           </if>
         ORDER BY A.MGR_NM ASC
    </select>
    
    <!-- 직원이 속한 부서코드 획득 -->
    <select id="viewDeptCdByMgrId" resultType="string" parameterType="string">
        SELECT DEPT_CD
          FROM CO_MGR
         WHERE MGR_ID = #{mgrId}
    </select>
    
    <!-- 특정 VOC에 대해 내 처리건이 존재하는지 판단용 VOC_ENTRY 맵 -->    
    <select id="countMyEntryInfo" resultType="string" parameterType="vocEntryBean">
        SELECT
            (SELECT COUNT(VOC_SEQ) AS "value"
              FROM FM_VOC_ENTRY
             WHERE VOC_SEQ = #{vocSeq}
               AND MGR_ID = #{mgrId}
               AND ACTIVATE = '1') || '^' ||
            (SELECT COUNT(VOC_SEQ) AS "value"
              FROM FM_VOC_ENTRY
             WHERE VOC_SEQ = #{vocSeq}
               AND MGR_ID = #{mgrId}
               AND ACTIVATE = '0') || '^' ||
            (SELECT COUNT(VOC_SEQ) AS "value"
              FROM FM_VOC_ENTRY
             WHERE VOC_SEQ = #{vocSeq}
               AND MGR_ID = #{mgrId}) AS infos
          FROM DB_ROOT
    </select>
    
    <!-- 특정 VOC에 대한 DIV(분배) 목록 로드 -->
    <select id="listDiv" resultType="vocDivBean" parameterType="map">
        SELECT VOC_SEQ   AS vocSeq,
               ORDER_NO  AS orderNo,
               WF_ID     AS wfId,
               DEPT_CD   AS deptCd,
               MGR_ID    AS mgrId,
               FN_DEPT_NM(DEPT_CD) AS deptNm,
               FN_MGR_NM(MGR_ID)   AS mgrNm,
               MASTER_YN AS masterYn,
               MGR_STATUS_CD AS mgrStatusCd,
               FN_PRV_NM(MGR_STATUS_CD, 'VOC_MGR_STATUS') AS mgrStatusNm,
               TO_CHAR(DIV_DT, 'YYYY-MM-DD HH24:MI:SS') AS divDt,
               TO_CHAR(ASN_DT, 'YYYY-MM-DD HH24:MI:SS') AS asnDt,
               TO_CHAR(RPL_DT, 'YYYY-MM-DD HH24:MI:SS') AS rplDt,
               TO_CHAR(END_DT, 'YYYY-MM-DD HH24:MI:SS') AS endDt,
               TO_CHAR(SNBK_REQ_DT, 'YYYY-MM-DD HH24:MI:SS') AS snbkReqDt,
               TO_CHAR(EXT_REQ_DT, 'YYYY-MM-DD HH24:MI:SS') AS extReqDt,
               END_CNT   AS endCnt
          FROM FM_VOC_DIV
         WHERE VOC_SEQ = #{vocSeq}
           <if test="@Ognl@isNotEmpty(deptCd)">
               AND DEPT_CD = #{deptCd}
           </if>
           <if test="@Ognl@isNotEmpty(connId)">
               AND DEPT_CD = (SELECT DEPT_CD FROM CO_MGR WHERE MGR_ID = #{connId})
           </if>
           <if test="@Ognl@isNotEmpty(mgrId)">
               AND MGR_ID = #{mgrId}
           </if>
         ORDER BY ORDER_NO ASC
    </select>
    
    <!-- 특정 VOC에 대한 DIV(분배) 상세정보 로드 : 완료된 협조부서 답변정보 표시용 -->
    <select id="viewDiv" resultType="vocDivBean" parameterType="vocDivBean">
        SELECT MASTER_YN AS masterYn,
               TO_CHAR(SNBK_REQ_DT, 'YYYY-MM-DD HH24:MI:SS') AS snbkReqDt,
               TO_CHAR(EXT_REQ_DT, 'YYYY-MM-DD HH24:MI:SS') AS extReqDt,
               END_CNT   AS endCnt,
               FILE_SEQ  AS fileSeq,
               REPLY     AS reply
          FROM FM_VOC_DIV
         WHERE VOC_SEQ = #{vocSeq}
           AND ORDER_NO = #{orderNo}
    </select>
    
    <!-- 특정 VOC에 대한 SANC(결재) 목록 로드 -->
    <select id="listSanc" resultType="vocSancBean" parameterType="int">
        SELECT ORDER_NO AS orderNo,
               MGR_ID AS mgrId,
               FN_MGR_NM(MGR_ID) AS mgrNm,
               STATUS_NM AS statusNm,
               TO_CHAR(SANC_DT, 'YYYY-MM-DD HH24:MI:SS') AS sancDt
          FROM FM_VOC_SANC
         WHERE VOC_SEQ = #{vocSeq}
         ORDER BY ORDER_NO ASC
    </select>
    
    
    <!-- 조건에 해당하는 ENTRY MGR_ID 정보 획득 -->
    <select id="viewMgrIdFromEntry" resultType="string" parameterType="vocEntryBean">
        SELECT MGR_ID
          FROM FM_VOC_ENTRY
         WHERE VOC_SEQ = #{vocSeq}
           <if test="@Ognl@isNotEmpty(deptCd)">
               AND DEPT_CD = #{deptCd}
           </if>
           <if test="@Ognl@isNotEmpty(mgrId)">
               AND MGR_ID  = #{mgrId}
           </if>
           <if test="@Ognl@isNotEmpty(authCd)">
               AND AUTH_CD  = #{authCd}
           </if>
           <if test="@Ognl@isNotEmpty(activate)">
               AND ACTIVATE = #{activate}
           </if>
    </select>
    
    <!-- 조건에 해당하는 ENTRY 정보 획득 -->
    <select id="viewFromEntry" resultType="vocEntryBean" parameterType="vocEntryBean">
        SELECT VOC_SEQ  AS vocSeq,
               MGR_ID   AS mgrId,
               FN_MGR_NM(MGR_ID)    AS mgrNm,
               AUTH_CD  AS authCd,
               DEPT_CD  AS deptCd,
               ORDER_NO AS ordrerNo,
               ACTIVATE AS activate
          FROM FM_VOC_ENTRY
         WHERE VOC_SEQ = #{vocSeq}
           <if test="@Ognl@isNotEmpty(deptCd)">
               AND DEPT_CD = #{deptCd}
           </if>
           <if test="@Ognl@isNotEmpty(mgrId)">
               AND MGR_ID  = #{mgrId}
           </if>
           <if test="@Ognl@isNotEmpty(authCd)">
               AND AUTH_CD  = #{authCd}
           </if>
           <if test="@Ognl@isNotEmpty(activate)">
               AND ACTIVATE = #{activate}
           </if>
    </select>
    
    <!-- My DIV(분배) orderNo 획득
    <select id="viewMyOrderNoFromDiv" resultType="int" parameterType="map">
        SELECT ORDER_NO
          FROM FM_VOC_DIV
         WHERE VOC_SEQ = #{vocSeq}
           <if test="@Ognl@isNotEmpty(deptCd)">
               AND DEPT_CD = #{deptCd}
           </if>
           <if test="@Ognl@isNotEmpty(mgrId)">
               AND MGR_ID = #{mgrId}
           </if>
    </select> -->
    
    <!-- My SANC_STORE 목록 : 최근 사용한 결재선 -->
    <select id="listMySancStore" resultType="string" parameterType="string">
        SELECT SANC_LINE
          FROM FM_VOC_SANC_STORE
         WHERE MGR_ID = #{mgrId}
         ORDER BY REG_DT DESC
    </select>
    
    <!-- My SANC_STORE 삭제 -->
    <delete id="deleteSancLine" parameterType="map">
        DELETE 
          FROM FM_VOC_SANC_STORE
         WHERE MGR_ID = #{mgrId}
           AND SANC_LINE = #{sancLine}
    </delete>
    
    <!-- 특정 순번의 결재자 정보 얻기 -->
    <select id="viewSancerByOrderNo" resultType="mgrBean" parameterType="map">
        SELECT FN_DEPT_NM(B.DEPT_CD) AS deptNm,
               A.MGR_ID  AS mgrId,
               B.MGR_NM  AS mgrNm
          FROM FM_VOC_SANC A, CO_MGR B
         WHERE A.MGR_ID = B.MGR_ID
           AND A.VOC_SEQ = #{vocSeq}
           AND A.ORDER_NO = #{orderNo}
    </select>
    
    
    <!-- 기한연장 사유 로그정보 얻기 -->
    <select id="viewExtReqLog" resultType="vocLogBean" parameterType="int">
        SELECT LOG_CONTENTS AS logContents,
               MGR_ID AS mgrId,
               FN_MGR_NM(MGR_ID) AS mgrNm,
               FN_MGR_NM(AGENCY_ID) AS agencyNm,
               TO_CHAR(REG_DT, 'YYYY-MM-DD HH24:MI:SS') AS regDt
          FROM FM_VOC_LOG 
         WHERE VOC_SEQ = #{vocSeq}
           AND LOG_CONTENTS LIKE  
               '%' || (SELECT NVL(TO_CHAR(EXT_REQ_DT, 'YYYY-MM-DD HH24:MI:SS'), '__DUMMY__')
                         FROM FM_VOC_DIV 
                        RIGHT OUTER JOIN DB_ROOT
                           ON VOC_SEQ = #{vocSeq}
                          AND EXT_REQ_DT IS NOT NULL) || '%'
           AND ROWNUM = 1
    </select>
   
   
    <!-- 기한연장 정보 얻기 -->
    <select id="viewExtDt" resultType="vocExtDtBean" parameterType="int">
        SELECT MGR_ID AS mgrId,
               FN_MGR_NM(MGR_ID) AS mgrNm,
               EXT_REASON AS extReason,
               TO_CHAR(EXT_DT, 'YYYY-MM-DD HH24:MI:SS') AS extDt
          FROM FM_VOC_EXTDT
         WHERE VOC_SEQ = #{vocSeq}
    </select>
    
</mapper>