<?xml version="1.0" encoding="UTF-8" ?>
<!DOCTYPE mapper 
    PUBLIC "-//mybatis.org//DTD Mapper 3.0//EN" 
    "http://mybatis.org/dtd/mybatis-3-mapper.dtd">

<mapper namespace="_stat2Type">

    <!-- VOC 통계 (월별) -->
    <select id="statVocYearMap" resultType="map" parameterType="map">
        SELECT VOC_CD || '_' || MONTH AS LABEL, CNT
          FROM (
            SELECT A.VOC_CD, MONTH, COUNT(VOC_CD) AS CNT
              FROM FM_VOC_STAT A, (
                SELECT ROWNUM AS MONTH
                  FROM DUAL
               CONNECT BY LEVEL &lt; 13) MONTH
             WHERE SUBSTR(REG_DD, 5,2) = MONTH.MONTH
               AND SUBSTR(REG_DD, 1,4) = #{YEAR}
             GROUP BY A.VOC_CD, MONTH
        )
        ORDER BY VOC_CD, MONTH
    </select>
    
    <!-- VOC 통계 (일별) -->
    <select id="statVocMonthMap" resultType="map" parameterType="map">
        SELECT VOC_CD || '_' || DAY AS LABEL, CNT
          FROM (
            SELECT A.VOC_CD, DAY, COUNT(VOC_CD) AS CNT
              FROM FM_VOC_STAT A, (
                SELECT ROWNUM AS DAY
                  FROM DUAL
               CONNECT BY LEVEL &lt; #{LAST_DAY}) DAY
             WHERE SUBSTR(REG_DD, 7,2) = DAY.DAY
               AND SUBSTR(REG_DD, 5,2) = #{MONTH}
               AND SUBSTR(REG_DD, 1,4) = #{YEAR}
             GROUP BY A.VOC_CD, DAY
        )
        ORDER BY VOC_CD, DAY
    </select>
    
    <!-- 만족도 추이 (월별) -->
    <select id="statScoreYearMap" resultType="map" parameterType="map">
        SELECT VOC_CD || '_' || MONTH AS LABEL, CNT
          FROM (
            SELECT A.VOC_CD, MONTH, ROUND(AVG(SCORE_AVG), 0) AS CNT
              FROM FM_VOC A, (
                SELECT ROWNUM AS MONTH
                  FROM DUAL
               CONNECT BY LEVEL &lt; 13) MONTH
             WHERE TO_NUMBER(TO_CHAR(REG_DT, 'MM')) = MONTH.MONTH
               AND TO_CHAR(REG_DT, 'YYYY') = #{YEAR}
               AND A.SCORE_YN = 'Y'
             GROUP BY A.VOC_CD, MONTH
        )
        ORDER BY VOC_CD, MONTH
    </select>
    
    <!-- 만족도 추이 (일별) -->
    <select id="statScoreMonthMap" resultType="map" parameterType="map">
        SELECT VOC_CD || '_' || DAY AS LABEL, CNT
          FROM (
            SELECT A.VOC_CD, DAY, ROUND(AVG(SCORE_AVG), 0) AS CNT
              FROM FM_VOC A, (
                SELECT ROWNUM AS DAY
                  FROM DUAL
               CONNECT BY LEVEL &lt; #{LAST_DAY}) DAY
             WHERE TO_NUMBER(TO_CHAR(REG_DT, 'DD')) = DAY.DAY
               AND TO_CHAR(REG_DT, 'YYYY') = #{YEAR}
               AND TO_CHAR(REG_DT, 'MM') = #{MONTH}
               AND A.SCORE_YN = 'Y'
             GROUP BY A.VOC_CD, DAY
        ) 
        ORDER BY VOC_CD, DAY
    </select>
    
    <!-- 평균처리기간 추이 (월별) -->
    <select id="statDealAvgYearMap" resultType="map" parameterType="map">
        SELECT VOC_CD || '_' || MONTH AS LABEL, CNT
          FROM (
            SELECT A.VOC_CD, MONTH, ROUND(NVL(AVG(A.END_CNT), 1)/(60*24), 2) AS CNT
              FROM FM_VOC A, (
                SELECT ROWNUM AS MONTH
                  FROM DUAL
               CONNECT BY LEVEL &lt; 13) MONTH
             WHERE TO_NUMBER(TO_CHAR(REG_DT, 'MM')) = MONTH.MONTH
               AND TO_CHAR(REG_DT, 'YYYY') = #{YEAR}
             GROUP BY A.VOC_CD, MONTH
        )
        ORDER BY VOC_CD, MONTH
    </select>
    
    <!-- 평균처리기간 추이 (일별) -->
    <select id="statDealAvgMonthMap" resultType="map" parameterType="map">
        SELECT VOC_CD || '_' || DAY AS LABEL, CNT
          FROM (
            SELECT A.VOC_CD, DAY, ROUND(NVL(AVG(A.END_CNT), 1)/(60*24), 2) AS CNT
              FROM FM_VOC A, (
                SELECT ROWNUM AS DAY
                  FROM DUAL
               CONNECT BY LEVEL &lt; #{LAST_DAY}) DAY
             WHERE TO_NUMBER(TO_CHAR(REG_DT, 'DD')) = DAY.DAY
               AND TO_CHAR(REG_DT, 'YYYY') = #{YEAR}
               AND TO_CHAR(REG_DT, 'MM') = #{MONTH}
             GROUP BY A.VOC_CD, DAY
        ) 
        ORDER BY VOC_CD, DAY
    </select>
    
</mapper>