<?xml version="1.0" encoding="UTF-8" ?>
<!DOCTYPE mapper 
    PUBLIC "-//mybatis.org//DTD Mapper 3.0//EN" 
    "http://mybatis.org/dtd/mybatis-3-mapper.dtd">

<mapper namespace="_vocCtg">

    <select id="list" resultType="vocCtgBean" parameterType="vocCtgBean">
        SELECT A.VOC_CTG_CD  AS id,
               A.CTG_NM  AS text,
               DECODE(A.USE_YN, 'N', 'no-use') AS cls,
               DECODE(
                  (SELECT COUNT(VOC_CTG_CD) 
                     FROM FM_VOC_CTG 
                    WHERE HIGH_VOC_CTG_CD = A.VOC_CTG_CD), 0, 'true', 'false') AS leaf
          FROM FM_VOC_CTG A
         WHERE A.VOC_CTG_CD != #{topCtgCd}
           AND A.HIGH_VOC_CTG_CD = #{highVocCtgCd}
           <if test="@Ognl@isNotEmpty(useYn)">
               AND A.USE_YN = #{useYn}
           </if>
         ORDER BY A.ORDER_NO ASC
    </select>
    
    <select id="view" resultType="vocCtgBean" parameterType="vocCtgBean">
        SELECT HIGH_VOC_CTG_CD AS highVocCtgCd,
               VOC_CTG_CD      AS vocCtgCd,
               CTG_NM      AS ctgNm,
               CTG_NM      AS text,
               ORDER_NO    AS orderNo,
               USE_YN      AS useYn,
               TO_CHAR(REG_DT, 'YYYY-MM-DD HH24:MI:SS') AS regDt,
               TO_CHAR(MODI_DT, 'YYYY-MM-DD HH24:MI:SS') AS modiDt
          FROM FM_VOC_CTG
         WHERE VOC_CTG_CD = #{vocCtgCd}
    </select>
    
    <insert id="insert" parameterType="vocCtgBean">
        INSERT INTO FM_VOC_CTG (
            VOC_CTG_CD,      CTG_NM,      HIGH_VOC_CTG_CD,  
            ORDER_NO
        )
        VALUES (
            #{vocCtgCd},    #{ctgNm},    #{highVocCtgCd},  
            (
            SELECT NVL(MAX(ORDER_NO), 0) + 1
              FROM FM_VOC_CTG
             WHERE HIGH_VOC_CTG_CD = #{highVocCtgCd}
            )
        )
    </insert>
        
    <update id="update" parameterType="vocCtgBean">
        UPDATE FM_VOC_CTG 
           SET 
               <if test="@Ognl@isNotEmpty(ctgNm)">
                   CTG_NM = #{ctgNm},
               </if>
               <if test="@Ognl@isNotEmpty(useYn)">
                   USE_YN  = #{useYn},
               </if>
               MODI_DT = SYSDATE
         WHERE VOC_CTG_CD = #{vocCtgCd}
    </update>
    
    <update id="updateRecursive" parameterType="vocCtgBean">
        UPDATE FM_VOC_CTG
           SET USE_YN = #{useYn}
         WHERE VOC_CTG_CD IN ( 
            SELECT VOC_CTG_CD
              FROM FM_VOC_CTG
             START WITH VOC_CTG_CD = #{vocCtgCd}
            CONNECT BY PRIOR VOC_CTG_CD = HIGH_VOC_CTG_CD)    
    </update>
    
    <update id="updateOrder" parameterType="vocCtgBean">
        UPDATE FM_VOC_CTG 
           SET ORDER_NO    = #{orderNo},
               HIGH_VOC_CTG_CD = #{highVocCtgCd}
         WHERE VOC_CTG_CD      = #{vocCtgCd}
    </update>

    <select id="listSameLevel" resultType="vocCtgBean" parameterType="vocCtgBean"><![CDATA[
        SELECT VOC_CTG_CD      AS vocCtgCd,
               HIGH_VOC_CTG_CD AS highVocCtgCd,
               ORDER_NO    AS orderNo
          FROM FM_VOC_CTG
         WHERE VOC_CTG_CD     != #{topCtgCd}
           AND VOC_CTG_CD     != #{vocCtgCd}
           AND HIGH_VOC_CTG_CD = #{highVocCtgCd}
         ORDER BY ORDER_NO ASC
    ]]></select>
    
    <delete id="delete" parameterType="vocCtgBean">
        DELETE 
          FROM FM_VOC_CTG
         WHERE VOC_CTG_CD = #{vocCtgCd}
    </delete>
    
    
    <select id="listAll" resultType="vocCtgBean" parameterType="string">
        SELECT LPAD('^', (level-1)*4, '^') || CTG_NM AS ctgNm,
               VOC_CTG_CD AS vocCtgCd
          FROM FM_VOC_CTG A
         WHERE A.USE_YN = 'Y'
         START WITH A.HIGH_VOC_CTG_CD = #{topCtgCd}
                AND A.USE_YN = 'Y'
       CONNECT BY PRIOR A.VOC_CTG_CD = A.HIGH_VOC_CTG_CD
         ORDER SIBLINGS BY A.ORDER_NO
    </select>
    
    
    <select id="listByDepth" resultType="vocCtgBean" parameterType="vocCtgBean">
        SELECT VOC_CTG_CD AS vocCtgCd, 
               CTG_NM AS ctgNm,
               HIGH_VOC_CTG_CD AS highVocCtgCd
          FROM FM_VOC_CTG
         WHERE USE_YN = 'Y'
           AND LEVEL = #{depth}
         START WITH HIGH_VOC_CTG_CD = #{highVocCtgCd}
                AND USE_YN = 'Y'
       CONNECT BY PRIOR VOC_CTG_CD = HIGH_VOC_CTG_CD 
         ORDER SIBLINGS BY ORDER_NO 
    </select>    
    
</mapper>