<?xml version="1.0" encoding="UTF-8" ?>
<!DOCTYPE mapper 
    PUBLIC "-//mybatis.org//DTD Mapper 3.0//EN" 
    "http://mybatis.org/dtd/mybatis-3-mapper.dtd">

<mapper namespace="_statD3">

    <sql id="dynamicWhere">
        AND A.DEL_YN = 'N'
        AND A.MGR_STATUS_CD = #{endMsCd}

        <if test="@Ognl@isNotEmpty(vocCd)">
            AND A.VOC_CD = #{vocCd}
        </if>
        <if test="@Ognl@isNotEmpty(startDt)">
            AND B.REG_DD &gt;= #{startDt}
        </if>
        <if test="@Ognl@isNotEmpty(endDt)">
            AND B.REG_DD &lt;= #{endDt}
        </if>
        
        <if test="@Ognl@isNotEmpty(hours)">
            AND TO_CHAR(A.REG_DT, 'HH24') IN 
                <foreach collection="hours" index="index" open="(" close=")" separator=", " item="entry">
                     #{entry}
                 </foreach>
        </if>
        <if test="@Ognl@isNotEmpty(dows)">
            AND B.REG_DOW IN
                <foreach collection="dows" index="index" open="(" close=")" separator=", " item="entry">
                     #{entry}
                 </foreach>
        </if>
        
        <if test="@Ognl@isNotEmpty(quarters)">
            AND SUBSTR(REG_DD, 5, 2) IN
                <foreach collection="quarters" index="index" open="(" close=")" separator=", " item="entry">
                     #{entry}
                 </foreach>
        </if>
        
        <if test="@Ognl@isNotEmpty(fromNms)">
            AND A.FROM_CD IN (SELECT PRV_CD FROM CO_CODE_PRV WHERE GRP_CD = 'VOC_FROM' AND PRV_NM IN
                <foreach collection="fromNms" index="index" open="(" close=")" separator=", " item="entry">
                     #{entry}
                 </foreach>)
        </if>
        
        <if test="@Ognl@isNotEmpty(typeNms)">
            AND A.TYPE_CD IN (SELECT PRV_CD FROM CO_CODE_PRV WHERE GRP_CD = 'VOC_TYPE' AND PRV_NM IN
                <foreach collection="typeNms" index="index" open="(" close=")" separator=", " item="entry">
                     #{entry}
                 </foreach>)
        </if>
        
        <if test="@Ognl@isNotEmpty(kindNms)">
            AND A.KIND_CD IN (SELECT PRV_CD FROM CO_CODE_PRV WHERE GRP_CD = 'VOC_KIND' AND PRV_NM IN
                <foreach collection="kindNms" index="index" open="(" close=")" separator=", " item="entry">
                     #{entry}
                 </foreach>)
        </if>
        
        <if test="@Ognl@isNotEmpty(endNms)">
            AND A.END_CD IN (SELECT PRV_CD FROM CO_CODE_PRV WHERE GRP_CD = 'VOC_END' AND PRV_NM IN
                <foreach collection="endNms" index="index" open="(" close=")" separator=", " item="entry">
                     #{entry}
                 </foreach>)
        </if>
    </sql>
    
    
    <!-- 연도별 -->
    <select id="statList" resultType="d3StatResultBean" parameterType="map">
        SELECT A.VOC_SEQ as vocSeq,
               SUBSTR(A.REG_DD, 5, 2) AS "month",
               SUBSTR(A.REG_DD, 1, 4) || '-' || SUBSTR(A.REG_DD, 5, 2) || '-' || SUBSTR(A.REG_DD, 7, 2) AS "day",
               TO_CHAR(B.REG_DT, 'HH24MI') AS "time",
               A.REG_DOW AS dow,
               FN_PRV_NM(B.FROM_CD, 'VOC_FROM') AS fromNm,
               FN_PRV_NM(B.TYPE_CD, 'VOC_TYPE') AS typeNm,
               FN_PRV_NM(B.KIND_CD, 'VOC_KIND') AS kindNm,
               FN_PRV_NM(B.END_CD, 'VOC_END') AS endNm,
               B.END_CNT AS endCnt,
               CASE WHEN B.SCORE_AVG &gt; 0 AND B.SCORE_AVG &lt;= 10 THEN 10
                    WHEN B.SCORE_AVG &gt; 10 AND B.SCORE_AVG &lt;= 25 THEN 25
                    WHEN B.SCORE_AVG &gt; 25 AND B.SCORE_AVG &lt;= 50 THEN 50
                    WHEN B.SCORE_AVG &gt; 50 AND B.SCORE_AVG &lt;= 75 THEN 75
                    WHEN B.SCORE_AVG &gt; 75 AND B.SCORE_AVG &lt;= 100 THEN 100
                    ELSE -1
               END AS scoreAvg
          FROM FM_VOC_STAT A, FM_VOC B
         WHERE A.VOC_SEQ = B.VOC_SEQ
           AND B.DEL_YN = 'N'
           <if test="@Ognl@isNotEmpty(vocCd)">
               AND B.VOC_CD = #{vocCd}
           </if>           
            <if test="@Ognl@isNotEmpty(startDd)">
                AND A.REG_DD &gt;= #{startDd}
            </if>
            <if test="@Ognl@isNotEmpty(endDd)">
                AND A.REG_DD &lt;= #{endDd}
            </if>
           AND B.MGR_STATUS_CD = #{endMsCd}
         ORDER BY A.REG_DD
    </select>
    
    <select id="vocList" resultType="vocBean" parameterType="map">
        SELECT Y.* FROM (
            SELECT ROWNUM NUM, X.* FROM (       
                SELECT A.VOC_CD   AS vocCd,
                       FN_VOC_NM(A.VOC_CD) AS vocNm,
                       A.VOC_SEQ  AS vocSeq,
                       A.TITLE    AS title,
                       A.RCV_NO   AS rcvNo,
                       A.OPEN_YN  AS openYn,
                       FN_PRV_NM(A.FROM_CD, 'VOC_FROM') AS fromNm,
                       FN_PRV_NM(A.TYPE_CD, 'VOC_TYPE') AS typeNm,
                       FN_PRV_NM(A.KIND_CD, 'VOC_KIND') AS kindNm,
                       FN_PRV_NM(A.END_CD, 'VOC_END') AS endNm,
                       FN_MGR_NM(A.WRITER_ID) AS writerNm,
                       A.SCORE_AVG AS scoreAvg,
                       FN_FILE_CNT(A.USER_FILE_SEQ) + FN_FILE_CNT(A.MGR_FILE_SEQ) AS fileCnt,
                       TO_CHAR(A.LMT_DT, 'YYYY-MM-DD') AS lmtDt,
                       TO_CHAR(A.END_DT, 'YYYY-MM-DD') AS endDt,
                       TO_CHAR(A.REG_DT, 'YYYY-MM-DD') AS regDt
                  FROM FM_VOC A, FM_VOC_STAT B
                 WHERE A.VOC_SEQ = B.VOC_SEQ
                       <include refid="dynamicWhere" />
                 ORDER BY A.VOC_SEQ DESC
                ) X
            WHERE ROWNUM &lt;= #{pagingEndNum}
         ) Y
         WHERE NUM &gt;= #{pagingStartNum}
    </select>
    
    <select id="vocListCount" resultType="int" parameterType="map">
        SELECT COUNT(A.VOC_SEQ) AS totalCount
          FROM FM_VOC A, FM_VOC_STAT B
         WHERE A.VOC_SEQ = B.VOC_SEQ
               <include refid="dynamicWhere" />
    </select>
    
</mapper>

    
               
               