<?xml version="1.0" encoding="UTF-8" ?>
<!DOCTYPE mapper 
    PUBLIC "-//mybatis.org//DTD Mapper 3.0//EN" 
    "http://mybatis.org/dtd/mybatis-3-mapper.dtd">

<mapper namespace="_ctrModal">

    <!-- 조회 -->
    <select id="mgrList" resultType="ctrMgrBean" parameterType="ctrBean">
        SELECT CTR_SEQ      AS ctrSeq,
               ORDER_NO     AS orderNo,
               MGR_ID       AS mgrId,
               FN_MGR_NM(MGR_ID)    AS  mgrNm,
               FN_DEPT_NM_BY_MGR(MGR_ID) AS deptNm
          FROM FM_SVC_CTR_MGR
         WHERE 1=1
               <if test="@Ognl@isNotEmpty(ctrSeq)">
                   AND CTR_SEQ = #{ctrSeq}
               </if>
               <if test="@Ognl@isNotEmpty(orderNo)">
                   AND ORDER_NO = #{orderNo}
               </if>
    </select>
    <select id="prjList" resultType="prjBean" parameterType="ctrBean">
        SELECT A.PRJ_SEQ      AS prjSeq,
               A.PRJ_NM       AS prjNm,
               TO_CHAR(TO_DATE(A.START_DD, 'YYYYMMDD'), 'YYYY-MM-DD')     AS startDd,
               TO_CHAR(TO_DATE(A.END_DD, 'YYYYMMDD'), 'YYYY-MM-DD')       AS endDd
          FROM FM_SVC_PRJ A, FM_SVC_CTR_PRJ B
         WHERE A.PRJ_SEQ = B.PRJ_SEQ
               <if test="@Ognl@isNotEmpty(ctrSeq)">
                   AND B.CTR_SEQ = #{ctrSeq}
               </if>
               <if test="@Ognl@isNotEmpty(orderNo)">
                   AND B.ORDER_NO = #{orderNo}
               </if>
               <if test="@Ognl@isNotEmpty(seq)">
                   AND A.PRJ_SEQ = #{seq}
               </if>
    </select>
    <select id="objList" resultType="objBean" parameterType="ctrBean">
        SELECT A.OBJ_SEQ      AS objSeq,
               A.OBJ_NM       AS objNm,
               A.OBJ_TYPE_CD  AS objTypeCd,
               FN_PRV_NM(A.OBJ_TYPE_CD, 'SVC_OBJ_TYPE')   AS objTypeNm,
               TO_CHAR(TO_DATE(A.PURCHASE_DD, 'YYYYMMDD'), 'YYYY-MM-DD') AS purchaseDd
          FROM FM_SVC_OBJ A, FM_SVC_CTR_OBJ B
         WHERE A.OBJ_SEQ = B.OBJ_SEQ
               <if test="@Ognl@isNotEmpty(ctrSeq)">
                   AND B.CTR_SEQ = #{ctrSeq}
               </if>
               <if test="@Ognl@isNotEmpty(orderNo)">
                   AND B.ORDER_NO = #{orderNo}
               </if>
               <if test="@Ognl@isNotEmpty(seq)">
                   AND A.OBJ_SEQ = #{seq}
               </if>
    </select>
    <select id="busiList" resultType="busiBean" parameterType="ctrBean">
        SELECT A.BUSI_SEQ     AS busiSeq,
               A.BUSI_NM      AS busiNm,
               A.BUSI_NO      AS busiNo,
               A.CHIEF_NM     AS chiefNm
          FROM FM_SVC_BUSI A, FM_SVC_CTR_BUSI B
         WHERE A.BUSI_SEQ = B.BUSI_SEQ
               <if test="@Ognl@isNotEmpty(ctrSeq)">
                   AND B.CTR_SEQ = #{ctrSeq}
               </if>
               <if test="@Ognl@isNotEmpty(orderNo)">
                   AND B.ORDER_NO = #{orderNo}
               </if>
               <if test="@Ognl@isNotEmpty(seq)">
                   AND A.BUSI_SEQ = #{seq}
               </if>
    </select>
    
    <!-- 등록 -->
    <insert id="mgrInsert" parameterType="ctrBean">
        INSERT INTO FM_SVC_CTR_MGR (
            CTR_SEQ,	   ORDER_NO,        MGR_ID
        )
        VALUES (
            #{ctrSeq},      #{orderNo},     #{mgrId}
        )
    </insert>
    <insert id="prjInsert" parameterType="ctrBean">
        INSERT INTO FM_SVC_CTR_PRJ (
            CTR_SEQ,       ORDER_NO,       PRJ_SEQ
        )
        VALUES (
            #{ctrSeq},     #{orderNo},     #{prjSeq}
        )
    </insert>
    <insert id="objInsert" parameterType="ctrBean">
        INSERT INTO FM_SVC_CTR_OBJ (
            CTR_SEQ,       ORDER_NO,       OBJ_SEQ
        )
        VALUES (
            #{ctrSeq},     #{orderNo},     #{objSeq}
        )
    </insert>
    <insert id="busiInsert" parameterType="ctrBean">
        INSERT INTO FM_SVC_CTR_BUSI (
            CTR_SEQ,       ORDER_NO,       BUSI_SEQ
        )
        VALUES (
            #{ctrSeq},     #{orderNo},     #{busiSeq}
        )
    </insert>
    
    <!-- 삭제 -->
    <delete id="mgrDelete" parameterType="ctrBean">
        DELETE 
          FROM FM_SVC_CTR_MGR
         WHERE 1 = 1
               <if test="@Ognl@isNotEmpty(ctrSeq)">
                   AND CTR_SEQ = #{ctrSeq}
               </if>
               <if test="@Ognl@isNotEmpty(orderNo)">
                   AND ORDER_NO = #{orderNo}
               </if>
    </delete>
    <delete id="prjDelete" parameterType="ctrBean">
        DELETE 
          FROM FM_SVC_CTR_PRJ
         WHERE 1 = 1
               <if test="@Ognl@isNotEmpty(ctrSeq)">
                   AND CTR_SEQ = #{ctrSeq}
               </if>
               <if test="@Ognl@isNotEmpty(orderNo)">
                   AND ORDER_NO = #{orderNo}
               </if>
               <if test="@Ognl@isNotEmpty(prjSeq)">
                   AND PRJ_SEQ = #{prjSeq}
               </if>
    </delete>
    <delete id="objDelete" parameterType="ctrBean">
        DELETE 
          FROM FM_SVC_CTR_OBJ
         WHERE 1 = 1
               <if test="@Ognl@isNotEmpty(ctrSeq)">
                   AND CTR_SEQ = #{ctrSeq}
               </if>
               <if test="@Ognl@isNotEmpty(orderNo)">
                   AND ORDER_NO = #{orderNo}
               </if>
               <if test="@Ognl@isNotEmpty(objSeq)">
                   AND OBJ_SEQ = #{objSeq}
               </if>
    </delete>
    <delete id="busiDelete" parameterType="busiBean">
        DELETE 
          FROM FM_SVC_CTR_BUSI
         WHERE 1 = 1
               <if test="@Ognl@isNotEmpty(ctrSeq)">
                   AND CTR_SEQ = #{ctrSeq}
               </if>
               <if test="@Ognl@isNotEmpty(orderNo)">
                   AND ORDER_NO = #{orderNo}
               </if>
               <if test="@Ognl@isNotEmpty(busiSeq)">
                   AND BUSI_SEQ = #{busiSeq}
               </if>
    </delete>
    
</mapper>
