<?xml version="1.0" encoding="UTF-8" ?>
<!DOCTYPE mapper 
    PUBLIC "-//mybatis.org//DTD Mapper 3.0//EN" 
    "http://mybatis.org/dtd/mybatis-3-mapper.dtd">

<mapper namespace="_vocLog">

    <select id="list" resultType="vocLogBean" parameterType="int">
        SELECT ACTION_CD AS actionCd,
               LOG_CONTENTS AS logContents,
               MGR_ID AS mgrId,
               FN_MGR_NM(MGR_ID) AS mgrNm,
               FN_MGR_NM(AGENCY_ID) AS agencyNm,
               TO_CHAR(REG_DT, 'YYYY-MM-DD HH24:MI:SS') AS regDt
          FROM FM_VOC_LOG
         WHERE VOC_SEQ = #{vocSeq}
         ORDER BY VOC_SEQ, ORDER_NO DESC
    </select>
    
    <insert id="insert" parameterType="vocLogBean">
        INSERT INTO FM_VOC_LOG (
            ORDER_NO,
            VOC_SEQ,        LOG_CONTENTS,      
            ACTION_CD,      MGR_ID,          AGENCY_ID
        )
        VALUES (
            (SELECT NVL(MAX(ORDER_NO), 0) + 1 
               FROM FM_VOC_LOG
              WHERE VOC_SEQ = #{vocSeq}),
            #{vocSeq},      #{logContents},    
            #{actionCd},    #{mgrId},        #{agencyId}
        )
    </insert>
    
    
    <!-- FM_VOC_REPLY_MODI_LOG -->
    
    <select id="viewUpdateReplyLog" resultType="string" parameterType="map">
        SELECT REPLY AS reply
          FROM FM_VOC_UPDATE_REPLY_LOG
         WHERE VOC_SEQ = #{vocSeq}
           AND ORDER_NO = #{orderNo}
    </select>
    
    <insert id="insertUpdateReplyLog" parameterType="vocUpdateReplyLogBean">
        <selectKey keyProperty="orderNo" resultType="int" order="BEFORE">
            SELECT NVL(MAX(ORDER_NO), 0) + 1
              FROM FM_VOC_UPDATE_REPLY_LOG
             WHERE VOC_SEQ = #{vocSeq}
        </selectKey>
        INSERT INTO FM_VOC_UPDATE_REPLY_LOG (
           ORDER_NO,     VOC_SEQ,      REPLY
        )
        VALUES (
           #{orderNo},   #{vocSeq},    #{reply}
        )
    </insert>

</mapper>
