<?xml version="1.0" encoding="UTF-8" ?>
<!DOCTYPE mapper 
    PUBLIC "-//mybatis.org//DTD Mapper 3.0//EN" 
    "http://mybatis.org/dtd/mybatis-3-mapper.dtd">

<mapper namespace="_statTerm">

    <sql id="dynamicWhere">
        <if test="@Ognl@isNotEmpty(vocCd)">
            AND VOC_CD = #{vocCd}
        </if>
    </sql>
    
    <!-- 연간 VOC 통계 -->
    <select id="year" resultType="map" parameterType="map">
        SELECT "YEAR" AS LABEL, 
            (SELECT COUNT(VOC_SEQ)
               FROM FM_VOC_STAT 
              WHERE SUBSTR(REG_DD, 0, 4) = "YEAR"."YEAR"
                    <include refid="dynamicWhere" />) AS "VALUE"
          FROM (             
            SELECT (TO_NUMBER(#{year})+1) - ROWNUM AS "YEAR"
              FROM DB_ROOT
            CONNECT BY LEVEL &lt; 6
        ) "YEAR"
    </select><!-- TO_CHAR(SYSDATETIME, 'YYYY') + 1 -->
    
    <!-- 월간 VOC 통계 -->
    <select id="month" resultType="map" parameterType="map">
        SELECT "MONTH" AS LABEL, 
            (SELECT COUNT(VOC_SEQ)
              FROM FM_VOC_STAT 
             WHERE TO_NUMBER(SUBSTR(REG_DD, 5, 2)) = "MONTH"."MONTH"
               AND REG_DD &gt;= #{startDd}
               AND REG_DD &lt;= #{endDd}
                   <include refid="dynamicWhere" />) AS "VALUE"
          FROM (             
            SELECT ROWNUM AS "MONTH"
              FROM DB_ROOT
            CONNECT BY LEVEL &lt; 13
        ) "MONTH"
    </select>
    
    <!-- 일간 VOC 통계 -->
    <select id="day" resultType="map" parameterType="map">
        SELECT TO_NUMBER(SUBSTR(DAYZ, 7)) AS LABEL, 
            (SELECT COUNT(VOC_SEQ)
              FROM FM_VOC_STAT 
             WHERE REG_DD = DAYZ.DAYZ
                   <include refid="dynamicWhere" />
               ) AS "VALUE"
          FROM (             
            SELECT TO_CHAR(ADDDATE(TO_DATETIME(#{startMonth}||'01','YYYYMMDD'), LEVEL-1),'YYYYMMDD') AS DAYZ
               FROM DB_ROOT
            CONNECT BY LEVEL &lt;= DATEDIFF(LAST_DAY(TO_DATETIME(#{startMonth}||'01','YYYYMMDD')), TO_DATETIME(#{startMonth}||'01','YYYYMMDD'))+1
        ) DAYZ
    </select>
    
    <!-- 요일별 VOC 통계 -->
    <select id="dow" resultType="map" parameterType="map">
        SELECT DECODE("WEEK", 1, '일',
                            2, '월',
                            3, '화',
                            4, '수',
                            5, '목',
                            6, '금',
                            7, '토') AS LABEL, 
            (SELECT COUNT(VOC_SEQ)
              FROM FM_VOC_STAT 
             WHERE REG_DD &gt;= #{startDd}
               AND REG_DD &lt;= #{endDd}
               AND REG_DOW = "WEEK"."WEEK"
                   <include refid="dynamicWhere" />
               ) AS "VALUE"
          FROM (             
            SELECT ROWNUM AS "WEEK"
              FROM DB_ROOT
            CONNECT BY LEVEL &lt; 8
        ) "WEEK"
    </select>
    
</mapper>
