<?xml version="1.0" encoding="UTF-8"?>
<beans xmlns="http://www.springframework.org/schema/beans"
       xmlns:xsi="http://www.w3.org/2001/XMLSchema-instance" 
       xmlns:p="http://www.springframework.org/schema/p" 
       xsi:schemaLocation="http://www.springframework.org/schema/beans
                           http://www.springframework.org/schema/beans/spring-beans-3.2.xsd">
    
    <!-- VOC 액션 저장소 -->
    <bean id="actionFactory" class="com.srpost.cm.bo.sr.srm.action.ActionFactory">
        <property name="actionMap">
            <map>
                <!-- VOC OFF 등록 -->
                <entry key="OFF_INSERT">
                    <bean class="com.srpost.cm.bo.sr.srm.action.impl.OffInsertAction" />
                </entry>
                <entry key="OFF_SIMPLE_INSERT">
                    <bean class="com.srpost.cm.bo.sr.srm.action.impl.OffSimpleInsertAction" />
                </entry>
                <entry key="OFF_DIVIDE_INSERT">
                    <bean class="com.srpost.cm.bo.sr.srm.action.impl.OffDivideInsertAction" />
                </entry>
                <entry key="OFF_ASSIGN_INSERT">
                    <bean class="com.srpost.cm.bo.sr.srm.action.impl.OffAssignInsertAction" />
                </entry>
                
                <!-- 접수자 -->
                <entry key="RECEIVE">
                    <bean class="com.srpost.cm.bo.sr.srm.action.impl.ReceiveAction" />
                </entry>
                <entry key="DIVIDE">
                    <bean class="com.srpost.cm.bo.sr.srm.action.impl.DivideAction" />
                </entry>
                <entry key="DIRECT_ASSIGN">
                    <bean class="com.srpost.cm.bo.sr.srm.action.impl.DirectAssignAction" />
                </entry>
                <entry key="DIRECT_DEAL">
                    <bean class="com.srpost.cm.bo.sr.srm.action.impl.DirectDealAction" />
                </entry>
                <entry key="TRANSFER">
                    <bean class="com.srpost.cm.bo.sr.srm.action.impl.TransferAction" />
                </entry>
                <entry key="TRASH">
                    <bean class="com.srpost.cm.bo.sr.srm.action.impl.TrashAction" />
                </entry>
                <entry key="RECOVERY">
                    <bean class="com.srpost.cm.bo.sr.srm.action.impl.RecoveryAction" />
                </entry>
                <entry key="URGE">
                    <bean class="com.srpost.cm.bo.sr.srm.action.impl.UrgeAction" />
                </entry>
                <entry key="EXTENSION">
                    <bean class="com.srpost.cm.bo.sr.srm.action.impl.ExtensionAction" />
                </entry>
                <entry key="REDIVIDE">
                    <bean class="com.srpost.cm.bo.sr.srm.action.impl.ReDivideAction" />
                </entry>
                <entry key="UPDATE_REPLY"> <!-- 답변내용 수정 -->
                    <bean class="com.srpost.cm.bo.sr.srm.action.impl.UpdateReplyAction" />
                </entry>

                <!-- 접수자 : 휴지통 -->
                <entry key="RESTORE">
                    <bean class="com.srpost.cm.bo.sr.srm.action.impl.RestoreAction" />
                </entry>
                <entry key="FORCE_DELETE">
                    <bean class="com.srpost.cm.bo.sr.srm.action.impl.ForceDeleteAction" />
                </entry>
                
                <!-- 분배자 -->
                <entry key="ASSIGN">
                    <bean class="com.srpost.cm.bo.sr.srm.action.impl.AssignAction" />
                </entry>
                
                <!-- 분배/처리자 -->
                <entry key="DEAL">
                    <bean class="com.srpost.cm.bo.sr.srm.action.impl.DealAction" />
                </entry>
                <entry key="SEND_BACK">
                    <bean class="com.srpost.cm.bo.sr.srm.action.impl.SendBackAction" />
                </entry>
                <entry key="MOVE">
                    <bean class="com.srpost.cm.bo.sr.srm.action.impl.MoveAction" />
                </entry>
                <entry key="EXTENSION_REQ">
                    <bean class="com.srpost.cm.bo.sr.srm.action.impl.ExtensionReqAction" />
                </entry>
                <entry key="SANC_CANCEL">
                    <bean class="com.srpost.cm.bo.sr.srm.action.impl.SancCancelAction" />
                </entry>
                
                <!-- 결재자 -->
                <entry key="SANC_APPROVE">
                    <bean class="com.srpost.cm.bo.sr.srm.action.impl.SancApproveAction" />
                </entry>
                <entry key="SANC_DENY">
                    <bean class="com.srpost.cm.bo.sr.srm.action.impl.SancDenyAction" />
                </entry>
                
                <!-- 고객 -->
                <entry key="USER_INSERT">
                    <bean class="com.srpost.cm.bo.sr.srm.action.impl.UserInsertAction" />
                </entry>
                <entry key="USER_UPDATE">
                    <bean class="com.srpost.cm.bo.sr.srm.action.impl.UserUpdateAction" />
                </entry>
                <entry key="USER_DELETE">
                    <bean class="com.srpost.cm.bo.sr.srm.action.impl.UserDeleteAction" />
                </entry>
                <entry key="USER_SCORE">
                    <bean class="com.srpost.cm.bo.sr.srm.action.impl.UserScoreAction" />
                </entry>
                <entry key="USER_SCORE_UPDATE">
                    <bean class="com.srpost.cm.bo.sr.srm.action.impl.UserScoreUpdateAction" />
                </entry>
            </map>
        </property>
    </bean>
    
    <!-- VOC 접수번호 생성기 -->
    <bean id="vocRcvNoGenerator" 
          class="com.srpost.cm.bo.sr.srm.supporter.BasicVocRcvNoGenerator"
          p:prefix="SR-" 
          p:cipers="9" 
          p:fillChar="0" />
    
    <!-- VOC 알림 메시지 handler -->
    <bean id="vocAlimHandler" 
          class="com.srpost.cm.bo.sr.srm.core.alim.VocAlimHandler">
        <property name="senderMap">
            <map>
                <entry key="E" value-ref="emailSender" />
                <entry key="M" value-ref="smsSender" />
            </map>
        </property>
    </bean>
    
    <!-- VOC 알림 메시지 parser -->
    <bean class="com.srpost.cm.bo.sr.srm.core.alim.VocAlimMessageParser" 
          p:templatePath="/mail/sr" />
    
</beans>
