<?xml version="1.0" encoding="UTF-8"?> 
<beans xmlns="http://www.springframework.org/schema/beans"
       xmlns:xsi="http://www.w3.org/2001/XMLSchema-instance" 
       xmlns:p="http://www.springframework.org/schema/p" 
       xmlns:aop="http://www.springframework.org/schema/aop" 
       xmlns:util="http://www.springframework.org/schema/util"
       xmlns:tx="http://www.springframework.org/schema/tx"
       xsi:schemaLocation="http://www.springframework.org/schema/beans
                           http://www.springframework.org/schema/beans/spring-beans-3.2.xsd
                           http://www.springframework.org/schema/aop
                           http://www.springframework.org/schema/aop/spring-aop-3.2.xsd
                           http://www.springframework.org/schema/tx 
                           http://www.springframework.org/schema/tx/spring-tx-3.2.xsd
                           http://www.springframework.org/schema/util 
                           http://www.springframework.org/schema/util/spring-util-3.2.xsd">

    <util:properties id="dbProp" location="classpath:/config/prop/database.prop" />
    
    <bean 
        id="dataSource" 
        class="org.apache.commons.dbcp.BasicDataSource" 
        destroy-method="close"
        p:driverClassName="#{dbProp['jdbc.driver']}"
        p:url="#{dbProp['jdbc.url']}"
        p:username="#{dbProp['jdbc.username']}"
        p:password="#{dbProp['jdbc.password']}"
        p:validationQuery="SELECT 1 FROM #{dbProp['jdbc.pseudo']}"
        p:testOnBorrow="#{dbProp['jdbc.testOnBorrow']}" 
        p:initialSize="#{dbProp['jdbc.initialSize']}"
        p:maxActive="#{dbProp['jdbc.maxActive']}"
        p:maxIdle="#{dbProp['jdbc.maxIdle']}"
        p:minIdle="#{dbProp['jdbc.minIdle']}" />
        
    <!--         
    <bean id="dataSource" class="org.springframework.jndi.JndiObjectFactoryBean">
        <property name="jndiName" value="java:comp/env/jdbc/SomeDB"/>
    </bean> -->
        
    <bean 
        id="txManager" 
        class="org.springframework.jdbc.datasource.DataSourceTransactionManager"
        p:dataSource-ref="dataSource" />
    
    <!-- 
    <tx:annotation-driven transaction-manager="txManager"/> -->
    
    <aop:config>
        <aop:pointcut id="txPointcut" 
            expression="execution(* com.srpost.cm..*ServiceImpl.*Action(..))" />
            
        <aop:advisor pointcut-ref="txPointcut" advice-ref="txAdviser" />
    </aop:config>

    <tx:advice id="txAdviser" transaction-manager="txManager">
        <tx:attributes>
            <tx:method name="*" read-only="true" />
            <tx:method name="*Action" read-only="false" rollback-for="Exception" />
        </tx:attributes>
    </tx:advice>
 
    <bean id="sqlSession" 
        class="org.mybatis.spring.SqlSessionFactoryBean">
        <property name="configLocation" value="classpath:/config/mybatis/sqlmap-config.xml"/>
        <property name="mapperLocations">
            <list>
                <value>classpath*:/com/srpost/cm/bo/**/*-sqlmap-#{dbProp['jdbc.dbType']}.xml</value>
                <value>classpath*:/com/srpost/salmon/spi/osworkflow/*-sqlmap-#{dbProp['jdbc.dbType']}.xml</value>
                <value>classpath*:/com/srpost/salmon/spi/propertyset/*-sqlmap.xml</value>
                <value>classpath*:/com/srpost/salmon/spi/fts/scheduler/*-sqlmap-#{dbProp['jdbc.dbType']}.xml</value>
            </list>
        </property>
        <property name="dataSource" ref="dataSource" />
    </bean>
        
</beans>
