<?xml version="1.0" encoding="UTF-8"?>
<beans xmlns="http://www.springframework.org/schema/beans"
       xmlns:xsi="http://www.w3.org/2001/XMLSchema-instance" 
       xmlns:p="http://www.springframework.org/schema/p" 
       xsi:schemaLocation="http://www.springframework.org/schema/beans
                           http://www.springframework.org/schema/beans/spring-beans-3.2.xsd">
    
    <bean id="propertySet" class="com.srpost.salmon.spi.propertyset.SpringMyBatisPropertySet">
        <property name="sqlSessionFactory" ref="sqlSession" />
        <property name="globalKey" value="SM_" />
    </bean>
    
    <bean id="workflowStore" class="com.srpost.salmon.spi.osworkflow.SpringMyBatisWorkflowStore">
        <property name="sqlSessionFactory" ref="sqlSession" />
        <property name="propertySet" ref="propertySet" />
    </bean>
    
    <bean id="workflowConfiguration" class="com.opensymphony.workflow.config.SpringConfiguration">
        <property name="store" ref="workflowStore"/>
        <property name="factory" ref="workflowFactory"/>
    </bean>
        
    <bean id="workflowFactory" class="com.opensymphony.workflow.spi.hibernate.SpringWorkflowFactory" init-method="init">
        <property name="resource" value="config/osworkflow/workflows.xml" />
        <property name="reload" value="false" />
    </bean> 

    <bean id="workflow" class="com.srpost.salmon.spi.osworkflow.SalmonWorkflow" scope="prototype">
        <property name="configuration" ref="workflowConfiguration" />
        <property name="resolver">
            <bean class="com.opensymphony.workflow.util.SpringTypeResolver" />
        </property>
    </bean>
    
    <!-- 
    <bean id="propertySet" class="com.srpost.salmon.spi.propertyset.SpringJDBCPropertySet">
        <property name="dataSource" ref="dataSource" />
        <property name="globalKey" value="SM_" />
    </bean>
    
    <bean id="workflowStore" class="com.srpost.salmon.spi.osworkflow.SpringJDBCWorkflowStore">
        <property name="dataSource" ref="dataSource" />
        <property name="entrySequence" value="SELECT SEQ_OS_WFENTRY.NEXTVAL FROM DUAL" />
        <property name="stepSequence" value ="SELECT SEQ_OS_CURRENTSTEPS.NEXTVAL FROM DUAL" />
        <property name="propertySet" ref="propertySet" />
    </bean>
    -->
    
</beans>
