<?xml version="1.0" encoding="UTF-8" ?>
<!DOCTYPE mapper 
    PUBLIC "-//mybatis.org//DTD Mapper 3.0//EN" 
    "http://mybatis.org/dtd/mybatis-3-mapper.dtd">

<mapper namespace="_prgn">

    <sql id="dynamicWhere">
        <if test="@Ognl@isNotEmpty(openYn)">
            <if test='openYn == "Y"'>
                AND OPEN_YN = #{openYn}
            </if>
            <if test='openYn == "N"'>
                AND MGR_ID = #{mgrId}
            </if>
        </if>
        <if test="@Ognl@isNotEmpty(mgrId)">
            AND MGR_ID = #{mgrId}
        </if>
        <if test="@Ognl@isNotEmpty(searchVal)">
            <if test="searchKey == 1000">
                AND TITLE LIKE '%' || #{searchVal} || '%'
            </if>
            <if test="searchKey == 2000">
                AND PRGN_CONTENTS LIKE '%' || #{searchVal} || '%'
            </if>
            <if test="searchKey == 3000">
                AND ( TITLE LIKE '%' || #{searchVal} || '%'
                      OR
                      PRGN_CONTENTS LIKE '%' || #{searchVal} || '%' )
            </if>
        </if>
        <if test="@Ognl@isNotEmpty(startDt)">
            AND REG_DT &gt;= TO_DATE(#{startDt}, 'YYYYMMDDHH24MISS')
        </if>
        <if test="@Ognl@isNotEmpty(endDt)">
            AND REG_DT &lt;= TO_DATE(#{endDt}, 'YYYYMMDDHH24MISS')
        </if>
    </sql>
    
    <sql id="dynamicSort">
        <if test="@Ognl@isNotEmpty(sortName)">
            ORDER BY
            <if test="sortName == 'title'">TITLE</if>
            <if test="sortName == 'regDt'">REG_DT</if>
            ${sortOrder}
        </if>
    </sql>

    <select id="list" resultType="prgnBean" parameterType="map">
        SELECT Y.* FROM (
            SELECT ROWNUM NUM, X.* FROM (
                SELECT /*+ INDEX_DESC(FM_PARAGON) */
                       MGR_ID      AS mgrId,
                       FN_MGR_NM(MGR_ID) AS mgrNm,
                       ORDER_NO    AS orderNo,
                       TITLE       AS title,
                       OPEN_YN     AS openYn,
                       TO_CHAR(REG_DT, 'YYYY-MM-DD') AS regDt,
                       TO_CHAR(MODI_DT, 'YYYY-MM-DD') AS modiDt
                  FROM FM_PARAGON
                 WHERE 1 = 1
                       <include refid="dynamicWhere" />
                       <include refid="dynamicSort" />
                ) X
            WHERE ROWNUM &lt;= #{pagingEndNum}
         ) Y
         WHERE NUM &gt;= #{pagingStartNum}
    </select>
    
    <select id="listCount" resultType="int" parameterType="map">
        SELECT COUNT(ORDER_NO) AS totalCount
          FROM FM_PARAGON
         WHERE 1 = 1
               <include refid="dynamicWhere" />
    </select>
    
    <select id="listExcel" resultType="prgnBean" parameterType="map">
        SELECT /*+ INDEX_DESC(FM_PARAGON) */
               MGR_ID      AS mgrId,
               FN_MGR_NM(MGR_ID) AS mgrNm,
               ORDER_NO    AS orderNo,
               TITLE       AS title,
               OPEN_YN     AS openYn,
               TO_CHAR(REG_DT, 'YYYY-MM-DD') AS regDt,
               TO_CHAR(MODI_DT, 'YYYY-MM-DD') AS modiDt
          FROM FM_PARAGON
         WHERE 1 = 1
               <include refid="dynamicWhere" />
               <include refid="dynamicSort" />
    </select>
    
    <select id="view" resultType="prgnBean" parameterType="prgnBean">
        SELECT MGR_ID      AS mgrId,
               FN_MGR_NM(MGR_ID) AS mgrNm,
               ORDER_NO    AS orderNo,
               TITLE       AS title,
               PRGN_CONTENTS AS prgnContents,
               OPEN_YN     AS openYn,
               TO_CHAR(REG_DT, 'YYYY-MM-DD HH24:MI:SS') AS regDt,
               TO_CHAR(MODI_DT, 'YYYY-MM-DD HH24:MI:SS') AS modiDt
          FROM FM_PARAGON
         WHERE MGR_ID = #{mgrId}
           AND ORDER_NO = #{orderNo}
    </select>
    
    <insert id="insert" parameterType="prgnBean">
        INSERT INTO FM_PARAGON (
            ORDER_NO,
            MGR_ID,         TITLE,        PRGN_CONTENTS,      OPEN_YN
        )
        VALUES (
            (SELECT NVL(MAX(ORDER_NO), 0) + 1
               FROM FM_PARAGON
              WHERE MGR_ID = #{mgrId}),
            #{mgrId},       #{title},     #{prgnContents},    #{openYn}
        )
    </insert>
        
    <update id="update" parameterType="prgnBean">
        UPDATE FM_PARAGON SET
               <if test="@Ognl@isNotEmpty(title)">
                   TITLE = #{title},
               </if>
               <if test="@Ognl@isNotEmpty(prgnContents)">
                   PRGN_CONTENTS = #{prgnContents},
               </if>
               <if test="@Ognl@isNotEmpty(openYn)">
                   OPEN_YN = #{openYn},
               </if>
               MODI_DT = SYSDATE
         WHERE MGR_ID = #{mgrId}
           AND ORDER_NO = #{orderNo}
    </update>
    
    <delete id="delete" parameterType="prgnBean">
        DELETE 
          FROM FM_PARAGON
         WHERE MGR_ID = #{mgrId}
             <if test="@Ognl@isNotEmpty(orderNos)">
                 AND ORDER_NO IN 
                 <foreach collection="orderNos" index="index" open="(" close=")" separator=", " item="entry">
                     #{entry}
                 </foreach>
             </if>
    </delete>
    
    
    <select id="listAll" resultType="prgnBean" parameterType="prgnBean">
        SELECT A.ORDER_NO AS orderNo,
               A.MGR_ID   AS mgrId,
               B.MGR_NM   AS mgrNm,
               A.TITLE    AS title
          FROM FM_PARAGON A, CO_MGR B
         WHERE A.MGR_ID = B.MGR_ID
            <if test="@Ognl@isNotEmpty(openYn)">
                <if test='openYn == "Y"'>
                    AND A.MGR_ID != #{mgrId}
                    AND A.OPEN_YN  = #{openYn}
                </if>
                <if test='openYn == "N"'>
                    AND A.MGR_ID = #{mgrId}
                </if>
            </if>
         ORDER BY A.TITLE ASC
    </select>
    
    <select id="viewOne" resultType="string" parameterType="prgnBean">
        SELECT PRGN_CONTENTS
          FROM FM_PARAGON
         WHERE MGR_ID = #{mgrId}
           AND ORDER_NO = #{orderNo}
    </select>

</mapper>
