<?xml version="1.0" encoding="UTF-8" ?>
<!DOCTYPE mapper 
    PUBLIC "-//mybatis.org//DTD Mapper 3.0//EN" 
    "http://mybatis.org/dtd/mybatis-3-mapper.dtd">

<mapper namespace="_voc">

    <sql id="dynamicWhere">
    
        AND A.DEL_YN = 'N'

        <!-- MY 등록 VOC : 전체 -->
        <if test='@Ognl@isNotEmpty(writerId)'>
            AND A.WRITER_ID = #{writerId}
        </if>
        
        <!-- MY : 처리대상 -->
        <if test='@Ognl@isNotEmpty(mgrId) and active == "1"'>
            AND A.VOC_SEQ IN 
                    (SELECT /*+ INDEX(FM_VOC_ENTRY IDX_VOC_ENTRY) */ VOC_SEQ 
                       FROM FM_VOC_ENTRY 
                      WHERE MGR_ID = #{mgrId} 
                        AND ACTIVATE = '1'
                        <if test="@Ognl@isNotEmpty(authCd)">
                            AND AUTH_CD = #{authCd}
                        </if>
                     )
        </if>
        <!-- MY : 전체 -->
        <if test='@Ognl@isNotEmpty(mgrId) and active == "0"'>
            AND A.VOC_SEQ IN 
                    (SELECT /*+ INDEX(FM_VOC_ENTRY IDX_VOC_ENTRY) */ VOC_SEQ 
                       FROM FM_VOC_ENTRY 
                      WHERE MGR_ID = #{mgrId}
                        <if test="@Ognl@isNotEmpty(authCd)">
                            AND AUTH_CD = #{authCd}
                        </if>
                     )
        </if>
        
        <!-- 전체 : 접수대기 -->
        <if test="@Ognl@isNotEmpty(endMsCdForReady)">
            AND A.MGR_STATUS_CD = #{endMsCdForReady}
        </if>
        <!-- 전체 : 미처리 -->
        <if test="@Ognl@isNotEmpty(endMsCdForIng)">
            AND A.MGR_STATUS_CD NOT IN (#{readyMsCdForIng}, #{endMsCdForIng})
        </if>
        <!-- 전체 : 처리완료 -->
        <if test="@Ognl@isNotEmpty(endMsCd)">
            AND A.MGR_STATUS_CD = #{endMsCd}
        </if>        
        
        <if test="@Ognl@isNotEmpty(vocCd)">
            AND A.VOC_CD = #{vocCd}
        </if>
        <if test="@Ognl@isNotEmpty(kindCd)">
            AND A.KIND_CD = #{kindCd}
        </if>
        <if test="typeCd">
            AND A.TYPE_CD = #{typeCd}
        </if>
        <if test="@Ognl@isNotEmpty(fromCd)">
            AND A.FROM_CD = #{fromCd}
        </if>
        <if test="@Ognl@isNotEmpty(fromChnlCd)">
            AND A.FROM_CHNL_CD = #{fromChnlCd}
        </if>
        <if test="@Ognl@isNotEmpty(fromOrgCd)">
            AND A.FROM_ORG_CD = #{fromOrgCd}
        </if>
        <if test="@Ognl@isNotEmpty(endCd)">
            AND A.END_CD = #{endCd}
        </if>
        <if test="@Ognl@isNotEmpty(openYn)">
            AND A.OPEN_YN = #{openYn}
        </if>
        <if test="@Ognl@isNotEmpty(manyYn)">
            AND A.MANY_YN = #{manyYn}
        </if>
        <if test="@Ognl@isNotEmpty(rptYn)">
            AND A.RPT_YN = #{rptYn}
        </if>
        <if test="@Ognl@isNotEmpty(mgrStatusCd)">
            AND A.MGR_STATUS_CD = #{mgrStatusCd}
        </if>
        <if test="@Ognl@isNotEmpty(userStatusCd)">
            AND A.USER_STATUS_CD = #{userStatusCd}
        </if>
        
        <if test="@Ognl@isNotEmpty(searchVal)">
            <if test="searchKey == 1000">
                AND A.TITLE LIKE '%' || #{searchVal} || '%'
            </if>
            <if test="searchKey == 2000">
                AND A.QUESTION LIKE '%' || #{searchVal} || '%'
            </if>
            <if test="searchKey == 3000">
                AND A.REPLY LIKE '%' || #{searchVal} || '%'
            </if>
            <if test="searchKey == 4000">
                AND A.VOC_SEQ IN 
                    (SELECT /*+ INDEX(FM_VOC_TAG) */ VOC_SEQ 
                       FROM FM_VOC_TAG 
                      WHERE TAG_NM = #{searchVal})
            </if>
        </if>
        <if test="@Ognl@isNotEmpty(startDt)">
            AND A.REG_DT &gt;= TO_DATE(#{startDt}, 'YYYYMMDDHH24MISS')
        </if>
        <if test="@Ognl@isNotEmpty(endDt)">
            AND A.REG_DT &lt;= TO_DATE(#{endDt}, 'YYYYMMDDHH24MISS')
        </if>
        <if test="@Ognl@isNotEmpty(ctgCd1)">
            AND A.CTG_CD1 = #{ctgCd1}
        </if>
        <if test="@Ognl@isNotEmpty(ctgCd2)">
            AND A.CTG_CD2 = #{ctgCd2}
        </if>
        <if test="@Ognl@isNotEmpty(ctgCd3)">
            AND A.CTG_CD3 = #{ctgCd3}
        </if>
    </sql>
    
    <sql id="dynamicSort">
        <if test="@Ognl@isNotEmpty(sortName)">
            ORDER BY
            <if test="sortName == 'title'">A.TITLE</if>
            <if test="sortName == 'regDt'">A.REG_DT</if>
            ${sortOrder}
        </if>
    </sql>

    <select id="list" resultType="vocBean" parameterType="map">
        SELECT Y.* FROM (
            SELECT ROWNUM NUM, X.* FROM (
                SELECT /*+ INDEX_DESC(A) */
                       A.VOC_SEQ     AS vocSeq,
                       A.TITLE       AS title,
                       A.SUMMARY     AS summary,
                       A.RCV_NO      AS rcvNo,
                       FN_TAGS(A.VOC_SEQ) AS tags,
                       A.VOC_CD      AS vocCd,
                       FN_VOC_NM(A.VOC_CD) AS vocNm,
                       FN_DIV_INFO(A.VOC_SEQ) AS divInfo,
                       FN_MGR_NM(A.WRITER_ID) AS writerNm,
                       A.WRITER_ID            AS writerId,
                       A.USER_STATUS_CD       AS userStatusCd,
                       A.MGR_STATUS_CD        AS mgrStatusCd,
                       FN_PRV_NM(A.USER_STATUS_CD, 'VOC_USER_STATUS') AS userStatusNm,
                       FN_PRV_NM(A.MGR_STATUS_CD, 'VOC_MGR_STATUS') AS mgrStatusNm,
                       FN_PRV_NM(A.FROM_CD, 'VOC_FROM') AS fromNm,
                       <!-- FN_PRV_NM(A.FROM_CHNL_CD, 'VOC_FROM_CHNL') AS fromChnlNm,
                       FN_PRV_NM(A.FROM_ORG_CD, 'VOC_FROM_ORG') AS fromOrgNm, -->
                       FN_VOC_CTG_NM(A.CTG_CD1) AS ctgNm1,
                       FN_VOC_CTG_NM(A.CTG_CD2) AS ctgNm2,
                       FN_VOC_CTG_NM(A.CTG_CD3) AS ctgNm3,
                       FN_PRV_NM(A.KIND_CD, 'VOC_KIND') AS kindNm,
                       FN_FILE_CNT(A.USER_FILE_SEQ) + FN_FILE_CNT(A.MGR_FILE_SEQ) AS fileCnt,
                       DECODE(A.END_CNT, -1, DECODE(A.LMT_DT, NULL, 0, TRUNC(A.LMT_DT - SYSDATE, 2)), 0) AS lmtCnt,
                       FN_VOC_SNBK_REQ_CNT(A.VOC_SEQ) AS snbkReqCnt,
                       FN_VOC_EXT_REQ_CNT(A.VOC_SEQ) AS extReqCnt,
                       (SELECT COUNT(A.VOC_SEQ) FROM FM_VOC_DIV WHERE VOC_SEQ = A.VOC_SEQ AND MASTER_YN = 'N') AS subReqCnt,
                       FN_VOC_CMT_CNT(A.VOC_SEQ) + FN_VOC_IN_CMT_CNT(A.VOC_SEQ) AS cmtCnt,
                       A.SCORE_AVG    AS scoreAvg,
                       A.READ_CNT     AS readCnt,
                       A.SANC_YN      AS sancYn,
                       A.OPEN_YN      AS openYn,
                       FN_VOC_SCRAP_YN(A.VOC_SEQ, #{scrapId}) AS scrapYn,
                       TO_CHAR(A.REG_DT, 'YYYY-MM-DD') AS regDt,
                       TO_CHAR(A.MODI_DT, 'YYYY-MM-DD') AS modiDt
                  FROM FM_VOC A
                 WHERE 1 = 1
                       <include refid="dynamicWhere" />
                       <include refid="dynamicSort" />
                ) X
            WHERE ROWNUM &lt;= #{pagingEndNum}
         ) Y
         WHERE NUM &gt;= #{pagingStartNum}
    </select>
    
    <select id="listCount" resultType="int" parameterType="map">
        SELECT COUNT(A.VOC_SEQ) AS totalCount
          FROM FM_VOC A
         WHERE 1 = 1
               <include refid="dynamicWhere" />
    </select>
    
    <select id="view" resultType="vocBean" parameterType="int">
        SELECT VOC_SEQ     AS vocSeq,
               VOC_CD      AS vocCd,
               WRITER_ID   AS writerId,
               RCV_NO      AS rcvNo,
               TITLE       AS title,
               FN_TAGS(VOC_SEQ) AS tags,
               QUESTION    AS question,
               REPLY       AS reply,
               VOC_MEMO    AS vocMemo,
               RCV_MEMO    AS rcvMemo,
               RCV_ID      AS rcvId,
               REPORTER_ID AS reporterId,
               MGR_STATUS_CD  AS mgrStatusCd,
               USER_STATUS_CD AS userStatusCd,
               MGR_FILE_SEQ   AS mgrFileSeq,
               USER_FILE_SEQ  AS userFileSeq,
               FROM_CD        AS fromCd,
               FROM_CHNL_CD   AS fromChnlCd,
               FROM_ORG_CD    AS fromOrgCd,
               KIND_CD        AS kindCd,
               TYPE_CD        AS typeCd,
               CMPLN_CD		  AS cmplnCd,
               CTG_CD1        AS ctgCd1,
               CTG_CD2        AS ctgCd2,
               CTG_CD3        AS ctgCd3,
               END_CD         AS endCd,
               FN_MGR_NM(REG_ID) AS regNm,
               FN_MGR_NM(RCV_ID) AS rcvNm,
               FN_VOC_NM(VOC_CD) AS vocNm,
               FN_MGR_NM(WRITER_ID) AS writerNm,
               FN_PRV_NM(MGR_STATUS_CD, 'VOC_MGR_STATUS')   AS mgrStatusNm,
               FN_PRV_NM(USER_STATUS_CD, 'VOC_USER_STATUS') AS userStatusNm,
               FN_PRV_NM(FROM_CD, 'VOC_FROM') AS fromNm,
               <!-- FN_PRV_NM(FROM_CHNL_CD, 'VOC_FROM_CHNL') AS fromChnlNm,
               FN_PRV_NM(FROM_ORG_CD, 'VOC_FROM_ORG') AS fromOrgNm, -->
               FN_PRV_NM(KIND_CD, 'VOC_KIND') AS kindNm,
               FN_PRV_NM(TYPE_CD, 'VOC_TYPE') AS typeNm,
               FN_PRV_NM(CMPLN_CD, 'VOC_CMPLN') AS cmplnNm,
               FN_PRV_NM(END_CD, 'VOC_END') AS endNm,
               FN_VOC_CTG_NM(CTG_CD1) AS ctgNm1,
               FN_VOC_CTG_NM(CTG_CD2) AS ctgNm2,
               FN_VOC_CTG_NM(CTG_CD3) AS ctgNm3,
               END_CNT     AS endCnt,
               OPEN_YN     AS openYn,
               MANY_YN     AS manyYn,
               RPT_YN      AS rptYn,
               SANC_YN     AS sancYn,
               DEL_YN      AS delYn,
               SCORE_AVG   AS scoreAvg,
               SCORE_YN    AS scoreYn,
               SCORE_DESC  AS scoreDesc,
               ALERT_CDS   AS alertCds,
               SNBK_CNT    AS snbkCnt,
               EXT_CNT     AS extCnt,
               FN_VOC_SNBK_REQ_CNT(VOC_SEQ) AS snbkReqCnt,
               FN_VOC_EXT_REQ_CNT(VOC_SEQ) AS extReqCnt,
               DECODE(END_CNT, -1, DECODE(LMT_DT, NULL, 0, TRUNC(LMT_DT - SYSDATE, 2)), 0) AS lmtCnt,
               TO_CHAR(RCV_DT, 'YYYY-MM-DD HH24:MI:SS') AS rcvDt,
               TO_CHAR(DIV_DT, 'YYYY-MM-DD HH24:MI:SS') AS divDt,
               TO_CHAR(ASN_DT, 'YYYY-MM-DD HH24:MI:SS') AS asnDt,
               TO_CHAR(LMT_DT, 'YYYY-MM-DD HH24:MI:SS') AS lmtDt,
               TO_CHAR(END_DT, 'YYYY-MM-DD HH24:MI:SS') AS endDt,
               TO_CHAR(REG_DT, 'YYYY-MM-DD HH24:MI:SS') AS regDt,
               TO_CHAR(MODI_DT, 'YYYY-MM-DD HH24:MI:SS') AS modiDt
          FROM FM_VOC
         WHERE VOC_SEQ = #{vocSeq}
    </select>
    
    <insert id="insert" parameterType="vocBean">
        INSERT INTO FM_VOC (
            VOC_CD,           VOC_SEQ,         RCV_NO,           TITLE,          QUESTION,      REPLY,
            USER_STATUS_CD,   MGR_STATUS_CD,   USER_FILE_SEQ,    MGR_FILE_SEQ,   WRITER_ID,     RCV_MEMO,
            RCV_ID,           OPEN_YN,         MANY_YN,          RPT_YN,         ALERT_CDS,     FROM_CD,
            KIND_CD,          TYPE_CD,         END_CD,           END_CNT,        REG_ID,        VOC_MEMO,
            CMPLN_CD,         FROM_CHNL_CD,    FROM_ORG_CD,      CTG_CD1,        CTG_CD2,       CTG_CD3,
            RCV_DT,           DIV_DT,          ASN_DT,           LMT_DT,         END_DT,        REG_DT,
            SUMMARY
        )
        VALUES (
            #{vocCd},         #{vocSeq},       #{rcvNo},         #{title},       #{question},   #{reply},
            #{userStatusCd},  #{mgrStatusCd},  #{userFileSeq},   #{mgrFileSeq},  #{writerId},   #{rcvMemo},
            #{rcvId},         #{openYn},       #{manyYn},        #{rptYn},       #{alertCds},   #{fromCd},
            #{kindCd},        #{typeCd},       #{endCd},         #{endCnt},      #{regId},      #{vocMemo},
            #{cmplnCd},       #{fromChnlCd},   #{fromOrgCd},     #{ctgCd1},      #{ctgCd2},     #{ctgCd3},
            TO_DATE(#{rcvDt}, 'YYYYMMDDHH24MISS'),  TO_DATE(#{divDt}, 'YYYYMMDDHH24MISS'),
            TO_DATE(#{asnDt}, 'YYYYMMDDHH24MISS'),  TO_DATE(#{lmtDt}, 'YYYYMMDDHH24MISS'),
            TO_DATE(#{endDt}, 'YYYYMMDDHH24MISS'),  TO_DATE(#{regDt}, 'YYYYMMDDHH24MISS'),
            #{summary}
        )
    </insert>

    <update id="updateReadCnt" parameterType="vocBean">
        UPDATE FM_VOC
           SET READ_CNT = READ_CNT + 1
         WHERE VOC_SEQ = #{vocSeq}
    </update>
    
</mapper>
