<?xml version="1.0" encoding="UTF-8" ?>
<!DOCTYPE mapper 
    PUBLIC "-//mybatis.org//DTD Mapper 3.0//EN" 
    "http://mybatis.org/dtd/mybatis-3-mapper.dtd">

<mapper namespace="_vocExcel">
    
    <sql id="dynamicList">
        A.TITLE       AS title,
        A.RCV_NO      AS rcvNo,
        FN_MGR_NM(A.RCV_ID) AS rcvNm,
        FN_VOC_NM(A.VOC_CD) AS vocNm,
        FN_DIV_INFO(A.VOC_SEQ) AS divInfo,
        FN_MGR_INFO(A.VOC_SEQ) AS mgrInfo,
        C.MGR_NM         AS writerNm,
        C.MOBILE         AS mobile,
        C.EMAIL          AS email,
        FN_PRV_NM(A.MGR_STATUS_CD, 'VOC_MGR_STATUS') AS mgrStatusNm,
        FN_PRV_NM(A.FROM_CD, 'VOC_FROM') AS fromNm,
        <!-- FN_PRV_NM(A.FROM_CHNL_CD, 'VOC_FROM_CHNL') AS fromChnlNm,
        FN_PRV_NM(A.FROM_ORG_CD, 'VOC_FROM_ORG') AS fromOrgNm, -->
        FN_VOC_CTG_NM(A.CTG_CD1) AS ctgNm1,
        FN_VOC_CTG_NM(A.CTG_CD2) AS ctgNm2,
        FN_VOC_CTG_NM(A.CTG_CD3) AS ctgNm3,
        FN_PRV_NM(A.KIND_CD, 'VOC_KIND') AS kindNm,
        FN_PRV_NM(A.TYPE_CD, 'VOC_TYPE') AS typeNm,
        FN_PRV_NM(A.CMPLN_CD, 'VOC_CMPLN') AS cmplnNm,
        FN_PRV_NM(A.END_CD, 'VOC_END') AS endNm,
        A.VOC_MEMO    AS vocMemo,
        A.ALERT_CDS   AS alertCds,
        A.END_CNT     AS endCnt,
        A.OPEN_YN     AS openYn,
        A.MANY_YN     AS manyYn,
        A.RPT_YN      AS rptYn,
        A.SCORE_AVG   AS scoreAvg,
        FN_TAGS(A.VOC_SEQ) AS tags,
        FN_FILE_CNT(A.USER_FILE_SEQ) + FN_FILE_CNT(A.MGR_FILE_SEQ) AS fileCnt,
        TO_CHAR(A.LMT_DT, 'YYYY-MM-DD HH24:MI:SS') AS lmtDt,
        TO_CHAR(A.RCV_DT, 'YYYY-MM-DD HH24:MI:SS') AS rcvDt,
        TO_CHAR(A.END_DT, 'YYYY-MM-DD HH24:MI:SS') AS endDt,
        TO_CHAR(A.REG_DT, 'YYYY-MM-DD HH24:MI:SS') AS regDt,
        TO_CHAR(A.MODI_DT, 'YYYY-MM-DD HH24:MI:SS') AS modiDt,
    </sql>
    
    <!-- VOC -->
    
    <select id="listVoc" resultType="vocBean" parameterType="map">
        SELECT Y.* FROM (
            SELECT ROWNUM NUM, X.* FROM (
                SELECT /*+ INDEX_DESC(A) INDEX(C) */
                       <include refid="dynamicList" />
                       A.VOC_SEQ AS vocSeq
                  FROM FM_VOC A, CO_MGR C
                 WHERE A.WRITER_ID = C.MGR_ID
                       <include refid="_voc.dynamicWhere" />
                       <include refid="_voc.dynamicSort" />
                ) X
            WHERE ROWNUM &lt;= #{pagingEndNum}
         ) Y
         WHERE NUM &gt;= #{pagingStartNum}
    </select>

    <select id="listVocAll" resultType="vocBean" parameterType="map">
        SELECT /*+ INDEX_DESC(A) INDEX(C) */
               <include refid="dynamicList" />
               A.VOC_SEQ AS vocSeq
          FROM FM_VOC A, CO_MGR C
         WHERE A.WRITER_ID = C.MGR_ID
               <include refid="_voc.dynamicWhere" />
               <include refid="_voc.dynamicSort" />
    </select>
    
    <!-- VOC Scrap -->
    
    <select id="listScrap" resultType="vocBean" parameterType="map">
        SELECT Y.* FROM (
            SELECT ROWNUM NUM, X.* FROM (
                SELECT /*+ INDEX_DESC(A) INDEX_DESC(B) INDEX(C) */
                       <include refid="dynamicList" />
                       A.VOC_SEQ AS vocSeq
                  FROM FM_VOC A, FM_VOC_SCRAP B, CO_MGR C
                 WHERE A.VOC_SEQ = B.VOC_SEQ
                   AND B.MGR_ID = #{scrapId}
                   AND A.WRITER_ID = C.MGR_ID
                       <include refid="_vocScrap.dynamicWhere" />
                       <include refid="_vocScrap.dynamicSort" />
                ) X
            WHERE ROWNUM &lt;= #{pagingEndNum}
         ) Y
         WHERE NUM &gt;= #{pagingStartNum}
    </select>

    <select id="listScrapAll" resultType="vocBean" parameterType="map">
        SELECT /*+ INDEX_DESC(A) INDEX_DESC(B) INDEX(C) */
               <include refid="dynamicList" />
               A.VOC_SEQ AS vocSeq
          FROM FM_VOC A, FM_VOC_SCRAP B, CO_MGR C
         WHERE A.VOC_SEQ = B.VOC_SEQ
           AND B.MGR_ID = #{scrapId}
           AND A.WRITER_ID = C.MGR_ID
               <include refid="_vocScrap.dynamicWhere" />
               <include refid="_vocScrap.dynamicSort" />
    </select>
    
    <!-- VOC Trash -->
    
    <select id="listTrash" resultType="vocTrashBean" parameterType="map">
        SELECT Y.* FROM (
            SELECT ROWNUM NUM, X.* FROM (
                SELECT /*+ INDEX_DESC(A) INDEX_DESC(B) INDEX(C) */
                       <include refid="dynamicList" />
                       FN_PRV_NM(B.DEL_CD, 'VOC_DEL') AS delNm,
                       DEL_DESC AS delDesc,
                       TO_CHAR(B.REG_DT, 'YYYY-MM-DD HH24:MI:SS') AS delDt,
                       A.VOC_SEQ AS vocSeq
                  FROM FM_VOC A, FM_VOC_DEL B, CO_MGR C
                 WHERE A.VOC_SEQ = B.VOC_SEQ
                   AND A.WRITER_ID = C.MGR_ID
                       <include refid="_vocTrash.dynamicWhere" />
                       <include refid="_vocTrash.dynamicSort" />
                ) X
            WHERE ROWNUM &lt;= #{pagingEndNum}
         ) Y
         WHERE NUM &gt;= #{pagingStartNum}
    </select>

    <select id="listTrashAll" resultType="vocTrashBean" parameterType="map">
        SELECT /*+ INDEX_DESC(A) INDEX_DESC(B) INDEX(C) */
               <include refid="dynamicList" />
               FN_PRV_NM(B.DEL_CD, 'VOC_DEL') AS delNm,
               DEL_DESC AS delDesc,
               TO_CHAR(B.REG_DT, 'YYYY-MM-DD HH24:MI:SS') AS delDt,
               A.VOC_SEQ AS vocSeq
          FROM FM_VOC A, FM_VOC_DEL B, CO_MGR C
         WHERE A.VOC_SEQ = B.VOC_SEQ
           AND A.WRITER_ID = C.MGR_ID
               <include refid="_vocTrash.dynamicWhere" />
               <include refid="_vocTrash.dynamicSort" />
    </select>
    
</mapper>
